Date,Market Cap,% Change
2026-04-17,8087800000,1.55%
2026-04-16,7964100000,-1.17%
2026-04-15,8058400000,-1.45%
2026-04-14,8177300000,2.62%
2026-04-13,7968400000,
2026-04-10,7968600000,2.75%
2026-04-09,7755100000,-1.77%
2026-04-08,7895200000,2.27%
2026-04-07,7720000000,-1.13%
2026-04-06,7807900000,-0.04%
2026-04-02,7810700000,1.83%
2026-04-01,7670400000,-0.85%
2026-03-31,7735900000,2.77%
2026-03-30,7527200000,0.51%
2026-03-27,7489200000,-1.20%
2026-03-26,7580200000,-0.34%
2026-03-25,7605900000,0.60%
2026-03-24,7560200000,1.22%
2026-03-23,7469000000,0.98%
2026-03-20,7396700000,-1.83%
2026-03-19,7534200000,-0.41%
2026-03-18,7565200000,-1.33%
2026-03-17,7667500000,0.53%
2026-03-16,7626800000,1.50%
2026-03-13,7514000000,-0.04%
2026-03-12,7517100000,-1.32%
2026-03-11,7617700000,0.90%
2026-03-10,7549600000,-1.20%
2026-03-09,7641300000,1.32%
2026-03-06,7541900000,-1.64%
2026-03-05,7668000000,-0.93%
2026-03-04,7739700000,-0.11%
2026-03-03,7748400000,-2.02%
2026-03-02,7908200000,-0.93%
2026-02-27,7982800000,3.15%
2026-02-26,7739000000,1.84%
2026-02-25,7599200000,0.56%
2026-02-24,7557000000,-0.04%
2026-02-23,7559900000,-3.43%
2026-02-20,7828800000,-1.00%
2026-02-19,7907700000,-3.87%
2026-02-18,8225900000,16.33%
2026-02-17,7071100000,0.79%
2026-02-13,7015700000,4.77%
2026-02-12,6696100000,-0.87%
2026-02-11,6754800000,0.31%
2026-02-10,6733600000,0.18%
2026-02-09,6721800000,-0.01%
2026-02-06,6722300000,2.10%
2026-02-05,6583900000,-4.73%
2026-02-04,6911100000,1.14%
2026-02-03,6833400000,-0.11%
2026-02-02,6841100000,0.28%
2026-01-30,6822000000,-0.73%
2026-01-29,6872300000,-0.14%
2026-01-28,6882200000,0.78%
2026-01-27,6828800000,-0.39%
2026-01-26,6855700000,-0.76%
2026-01-23,6907900000,-0.07%
2026-01-22,6912700000,-0.58%
2026-01-21,6953200000,0.96%
2026-01-20,6887000000,-1.16%
2026-01-16,6967800000,2.14%
2026-01-15,6822000000,0.31%
2026-01-14,6800600000,2.04%
2026-01-13,6664900000,2.27%
2026-01-12,6517200000,2.08%
2026-01-09,6384200000,0.60%
2026-01-08,6345900000,3.12%
2026-01-07,6153700000,1.08%
2026-01-06,6088000000,-0.83%
2026-01-05,6138800000,-1.43%
2026-01-02,6228000000,0.08%
2025-12-31,6223000000,-0.42%
2025-12-30,6249200000,0.69%
2025-12-29,6206100000,-0.82%
2025-12-26,6257600000,0.37%
2025-12-24,6234300000,0.84%
2025-12-23,6182300000,1.79%
2025-12-22,6073600000,2.46%
2025-12-19,5927800000,3.43%
2025-12-18,5731400000,-1.32%
2025-12-17,5808200000,2.64%
2025-12-16,5659000000,-1.05%
2025-12-15,5719200000,0.11%
2025-12-12,5712700000,0.90%
2025-12-11,5661900000,4.98%
2025-12-10,5393400000,-0.77%
2025-12-09,5435000000,0.22%
2025-12-08,5423000000,-0.14%
2025-12-05,5430400000,0.72%
2025-12-04,5391700000,0.25%
2025-12-03,5378200000,0.77%
2025-12-02,5337300000,-1.91%
2025-12-01,5441500000,-0.82%
2025-11-28,5486300000,0.98%
2025-11-26,5433100000,0.47%
2025-11-25,5407600000,3.41%
2025-11-24,5229300000,0.50%
2025-11-21,5203300000,1.19%
2025-11-20,5142000000,-0.67%
2025-11-19,5176600000,0.25%
2025-11-18,5163600000,0.80%
2025-11-17,5122500000,-1.41%
2025-11-14,5195600000,-0.82%
2025-11-13,5238700000,-1.36%
2025-11-12,5311100000,0.65%
2025-11-11,5276700000,-0.85%
2025-11-10,5322200000,0.48%
2025-11-07,5296700000,2.08%
2025-11-06,5188700000,0.25%
2025-11-05,5175700000,-2.10%
2025-11-04,5286800000,1.30%
2025-11-03,5219200000,1.18%
2025-10-31,5158100000,-4.45%
2025-10-30,5398400000,0.07%
2025-10-29,5394600000,-1.11%
2025-10-28,5455100000,-0.02%
2025-10-27,5456300000,-0.38%
2025-10-24,5477200000,0.84%
2025-10-23,5431800000,0.29%
2025-10-22,5416200000,0.49%
2025-10-21,5389600000,0.94%
2025-10-20,5339600000,1.56%
2025-10-17,5257700000,0.26%
2025-10-16,5244000000,-2.12%
2025-10-15,5357600000,1.29%
2025-10-14,5289400000,0.67%
2025-10-13,5254100000,1.55%
2025-10-10,5173900000,-1.45%
2025-10-09,5249800000,-0.61%
2025-10-08,5282000000,0.19%
2025-10-07,5271900000,-5.37%
2025-10-06,5570900000,0.16%
2025-10-03,5561800000,-0.45%
2025-10-02,5587200000,1.24%
2025-10-01,5519000000,1.23%
2025-09-30,5452000000,-1.32%
2025-09-29,5524800000,2.90%
2025-09-26,5369100000,0.73%
2025-09-25,5330000000,2.15%
2025-09-24,5217800000,0.62%
2025-09-23,5185900000,0.21%
2025-09-22,5175100000,0.87%
2025-09-19,5130600000,-0.81%
2025-09-18,5172700000,-1.88%
2025-09-17,5271900000,2.26%
2025-09-16,5155600000,1.76%
2025-09-15,5066500000,-0.98%
2025-09-12,5116500000,0.61%
2025-09-11,5085700000,3.15%
2025-09-10,4930300000,-0.52%
2025-09-09,4956300000,1.66%
2025-09-08,4875300000,3.58%
2025-09-05,4707000000,-0.06%
2025-09-04,4709600000,0.10%
2025-09-03,4705100000,0.06%
2025-09-02,4702200000,-1.04%
2025-08-29,4751600000,0.66%
2025-08-28,4720400000,0.14%
2025-08-27,4713700000,-0.37%
2025-08-26,4731200000,-0.72%
2025-08-25,4765300000,-0.12%
2025-08-22,4771100000,1.02%
2025-08-21,4723100000,0.57%
2025-08-20,4696200000,-0.56%
2025-08-19,4722800000,-0.14%
2025-08-18,4729500000,-0.35%
2025-08-15,4746100000,2.57%
2025-08-14,4627000000,-0.96%
2025-08-13,4671900000,-0.45%
2025-08-12,4693000000,-3.50%
2025-08-11,4863100000,1.59%
2025-08-08,4787200000,-1.31%
2025-08-07,4850600000,-0.63%
2025-08-06,4881300000,0.44%
2025-08-05,4860000000,0.16%
2025-08-04,4852000000,1.24%
2025-08-01,4792700000,-1.26%
2025-07-31,4854000000,-0.80%
2025-07-30,4892900000,1.31%
2025-07-29,4829500000,-0.59%
2025-07-28,4858000000,0.03%
2025-07-25,4856400000,-0.54%
2025-07-24,4883000000,-0.82%
2025-07-23,4923600000,0.03%
2025-07-22,4922200000,0.16%
2025-07-21,4914500000,-1.82%
2025-07-18,5005500000,-0.96%
2025-07-17,5053800000,0.92%
2025-07-16,5007700000,2.10%
2025-07-15,4904900000,-1.87%
2025-07-14,4998300000,1.08%
2025-07-11,4944700000,1.04%
2025-07-10,4893800000,0.79%
2025-07-09,4855600000,-0.39%
2025-07-08,4874400000,-0.89%
2025-07-07,4918300000,-1.50%
2025-07-03,4993300000,-0.14%
2025-07-02,5000500000,1.56%
2025-07-01,4923600000,-1.89%
2025-06-30,5018500000,0.18%
2025-06-27,5009400000,0.90%
2025-06-26,4964900000,0.48%
2025-06-25,4941100000,-0.90%
2025-06-24,4986100000,0.15%
2025-06-23,4978600000,2.06%
2025-06-20,4878000000,6.27%
2025-06-18,4590000000,2.28%
2025-06-17,4487700000,-2.04%
2025-06-16,4581100000,1.80%
2025-06-13,4499900000,-1.13%
2025-06-12,4551100000,-0.91%
2025-06-11,4593100000,-0.54%
2025-06-10,4617900000,1.21%
2025-06-09,4562900000,-0.65%
2025-06-06,4592600000,0.77%
2025-06-05,4557300000,0.50%
2025-06-04,4534500000,-0.29%
2025-06-03,4547500000,-0.22%
2025-06-02,4557600000,-0.07%
2025-05-30,4560700000,0.14%
2025-05-29,4554500000,0.99%
2025-05-28,4510000000,-1.82%
2025-05-27,4593800000,0.29%
2025-05-23,4580600000,0.25%
2025-05-22,4569400000,-0.46%
2025-05-21,4590500000,-2.80%
2025-05-20,4722600000,-0.96%
2025-05-19,4768200000,0.56%
2025-05-16,4741600000,0.34%
2025-05-15,4725700000,0.34%
2025-05-14,4709600000,-0.34%
2025-05-13,4725700000,0.83%
2025-05-12,4686600000,1.74%
2025-05-09,4606600000,0.47%
2025-05-08,4585200000,0.32%
2025-05-07,4570800000,-0.17%
2025-05-06,4578500000,0.93%
2025-05-05,4536200000,0.81%
2025-05-02,4499900000,-2.82%
2025-05-01,4630300000,0.14%
2025-04-30,4623600000,-0.45%
2025-04-29,4644500000,-1.00%
2025-04-28,4691500000,1.69%
2025-04-25,4613700000,0.22%
2025-04-24,4603700000,1.15%
2025-04-23,4551500000,0.79%
2025-04-22,4516000000,1.45%
2025-04-21,4451400000,-3.26%
2025-04-17,4601500000,1.49%
2025-04-16,4533800000,-1.95%
2025-04-15,4623800000,1.17%
2025-04-14,4570300000,-0.04%
2025-04-11,4572000000,1.31%
2025-04-10,4512900000,-0.38%
2025-04-09,4529900000,7.44%
2025-04-08,4216399999,-1.78%
2025-04-07,4292700000,-1.20%
2025-04-04,4344800000,-6.41%
2025-04-03,4642300000,-2.95%
2025-04-02,4783500000,0.44%
2025-04-01,4762600000,1.87%
2025-03-31,4675200000,-0.13%
2025-03-28,4681200000,-1.88%
2025-03-27,4770800000,0.10%
2025-03-26,4766200000,0.32%
2025-03-25,4750800000,-0.71%
2025-03-24,4784900000,0.39%
2025-03-21,4766400000,0.39%
2025-03-20,4748000000,1.58%
2025-03-19,4674200000,1.92%
2025-03-18,4586100000,-0.54%
2025-03-17,4610900000,1.65%
2025-03-14,4535900000,1.71%
2025-03-13,4459800000,-1.43%
2025-03-12,4524700000,0.37%
2025-03-11,4507900000,-1.07%
2025-03-10,4556600000,-3.59%
2025-03-07,4726100000,-0.77%
2025-03-06,4762800000,-0.96%
2025-03-05,4808900000,0.78%
2025-03-04,4771500000,-1.36%
2025-03-03,4837500000,-1.09%
2025-02-28,4890600000,1.18%
2025-02-27,4833700000,-0.71%
2025-02-26,4868200000,0.38%
2025-02-25,4849800000,-0.33%
2025-02-24,4865800000,-0.22%
2025-02-21,4876600000,-1.15%
2025-02-20,4933100000,-0.99%
2025-02-19,4982500000,0.29%
2025-02-18,4967900000,-2.25%
2025-02-14,5082200000,0.32%
2025-02-13,5065800000,0.47%
2025-02-12,5042100000,0.96%
2025-02-11,4994300000,-0.11%
2025-02-10,4999800000,1.37%
2025-02-07,4932100000,-2.35%
2025-02-06,5051000000,0.74%
2025-02-05,5013700000,-0.75%
2025-02-04,5051700000,-3.52%
2025-02-03,5236200000,-0.75%
2025-01-31,5275600000,-0.33%
2025-01-30,5293100000,0.41%
2025-01-29,5271700000,0.07%
2025-01-28,5268100000,-0.90%
2025-01-27,5315900000,0.90%
2025-01-24,5268600000,0.51%
2025-01-23,5241700000,-0.01%
2025-01-22,5242200000,-0.58%
2025-01-21,5272700000,1.27%
2025-01-17,5206700000,0.84%
2025-01-16,5163500000,-0.11%
2025-01-15,5169000000,0.93%
2025-01-14,5121500000,-0.24%
2025-01-13,5133800000,0.87%
2025-01-10,5089600000,-1.70%
2025-01-08,5177400000,-0.03%
2025-01-07,5178900000,-1.52%
2025-01-06,5259000000,-1.86%
2025-01-03,5358600000,0.11%
2025-01-02,5352600000,-1.15%
2024-12-31,5415000000,-1.05%
2024-12-30,5472300000,3.15%
2024-12-27,5305100000,-0.28%
2024-12-26,5320000000,0.24%
2024-12-24,5307200000,0.40%
2024-12-23,5286100000,-2.24%
2024-12-20,5407100000,0.70%
2024-12-19,5369600000,-1.14%
2024-12-18,5431500000,-2.56%
2024-12-17,5574100000,-1.50%
2024-12-16,5659000000,0.29%
2024-12-13,5642700000,0.23%
2024-12-12,5630000000,0.70%
2024-12-11,5590800000,2.08%
2024-12-10,5477100000,0.23%
2024-12-09,5464600000,-1.08%
2024-12-06,5524100000,0.35%
2024-12-05,5505000000,-1.01%
2024-12-04,5560900000,0.91%
2024-12-03,5510700000,0.26%
2024-12-02,5496600000,-0.38%
2024-11-29,5517400000,0.37%
2024-11-27,5497300000,-0.55%
2024-11-26,5527500000,0.61%
2024-11-25,5493900000,-0.37%
2024-11-22,5514500000,0.59%
2024-11-21,5482400000,1.87%
2024-11-20,5381900000,0.93%
2024-11-19,5332200000,1.45%
2024-11-18,5255900000,0.09%
2024-11-15,5251300000,-1.66%
2024-11-14,5340100000,0.11%
2024-11-13,5334100000,-1.24%
2024-11-12,5401300000,-0.41%
2024-11-11,5423600000,-0.58%
2024-11-08,5455000000,-0.48%
2024-11-07,5481200000,1.37%
2024-11-06,5407100000,3.44%
2024-11-05,5227300000,0.92%
2024-11-04,5179800000,-2.31%
2024-11-01,5302400000,-0.59%
2024-10-31,5334100000,-0.54%
2024-10-30,5362900000,0.46%
2024-10-29,5338400000,0.28%
2024-10-28,5323400000,1.02%
2024-10-25,5269700000,1.04%
2024-10-24,5215300000,0.62%
2024-10-23,5183000000,-1.14%
2024-10-22,5242600000,0.82%
2024-10-21,5200200000,-0.61%
2024-10-18,5231900000,-0.95%
2024-10-17,5282200000,0.41%
2024-10-16,5260400000,0.11%
2024-10-15,5254600000,0.92%
2024-10-14,5206900000,0.51%
2024-10-11,5180600000,1.45%
2024-10-10,5106800000,-0.66%
2024-10-09,5140800000,-0.29%
2024-10-08,5155700000,0.41%
2024-10-07,5134800000,-1.32%
2024-10-04,5203400000,1.41%
2024-10-03,5131300000,0.98%
2024-10-02,5081700000,1.60%
2024-10-01,5001700000,0.27%
2024-09-30,4988300000,0.10%
2024-09-27,4983200000,-0.13%
2024-09-26,4989700000,1.02%
2024-09-25,4939200000,-0.25%
2024-09-24,4951400000,0.30%
2024-09-23,4936500000,-0.45%
2024-09-20,4958600000,-1.23%
2024-09-19,5020400000,1.24%
2024-09-18,4959000000,-0.22%
2024-09-17,4969800000,0.75%
2024-09-16,4932900000,0.57%
2024-09-13,4904900000,0.85%
2024-09-12,4863700000,0.37%
2024-09-11,4846000000,0.19%
2024-09-10,4836900000,-0.08%
2024-09-09,4840700000,-0.11%
2024-09-06,4846200000,-1.08%
2024-09-05,4898900000,-0.60%
2024-09-04,4928600000,0.17%
2024-09-03,4920200000,-1.74%
2024-08-30,5007200000,0.51%
2024-08-29,4981600000,-0.57%
2024-08-28,5010100000,-0.14%
2024-08-27,5017200000,0.77%
2024-08-26,4978900000,-0.48%
2024-08-23,5002900000,0.56%
2024-08-22,4975100000,-0.19%
2024-08-21,4984700000,0.95%
2024-08-20,4938000000,-1.24%
2024-08-19,5000000000,3.81%
2024-08-16,4816300000,0.20%
2024-08-15,4806500000,1.94%
2024-08-14,4715200000,1.07%
2024-08-13,4665100000,-0.50%
2024-08-12,4688400000,-0.22%
2024-08-09,4698900000,1.39%
2024-08-08,4634300000,1.72%
2024-08-07,4556000000,0.48%
2024-08-06,4534200000,1.10%
2024-08-05,4484800000,-4.07%
2024-08-02,4675200000,-2.50%
2024-08-01,4794900000,-0.09%
2024-07-31,4799000000,-0.36%
2024-07-30,4816500000,0.93%
2024-07-29,4772200000,0.12%
2024-07-26,4766700000,0.47%
2024-07-25,4744200000,0.78%
2024-07-24,4707300000,-0.89%
2024-07-23,4749700000,0.51%
2024-07-22,4725700000,0.27%
2024-07-19,4713000000,0.15%
2024-07-18,4706100000,-0.86%
2024-07-17,4747000000,-0.40%
2024-07-16,4766200000,0.80%
2024-07-15,4728600000,-0.14%
2024-07-12,4735100000,1.67%
2024-07-11,4657500000,0.33%
2024-07-10,4642200000,-0.44%
2024-07-09,4662700000,0.50%
2024-07-08,4639300000,-0.51%
2024-07-05,4663200000,0.54%
2024-07-03,4638100000,-0.54%
2024-07-02,4663500000,1.22%
2024-07-01,4607200000,2.27%
2024-06-28,4504900000,-0.77%
2024-06-27,4539700000,0.21%
2024-06-26,4530300000,1.91%
2024-06-25,4445600000,0.36%
2024-06-24,4429500000,-1.87%
2024-06-21,4513800000,0.54%
2024-06-20,4489400000,2.82%
2024-06-18,4366300000,0.46%
2024-06-17,4346400000,-0.33%
2024-06-14,4361000000,-0.40%
2024-06-13,4378300000,-2.41%
2024-06-12,4486500000,0.68%
2024-06-11,4456300000,-0.20%
2024-06-10,4465400000,-0.63%
2024-06-07,4493500000,0.42%
2024-06-06,4474800000,-2.10%
2024-06-05,4571000000,0.73%
2024-06-04,4538000000,1.07%
2024-06-03,4489900000,1.54%
2024-05-31,4421600000,0.91%
2024-05-30,4381600000,-0.07%
2024-05-29,4384500000,-0.39%
2024-05-28,4401700000,-0.26%
2024-05-24,4413200000,1.01%
2024-05-23,4369200000,-1.79%
2024-05-22,4448700000,-0.26%
2024-05-21,4460400000,-0.37%
2024-05-20,4476900000,-1.51%
2024-05-17,4545700000,0.37%
2024-05-16,4528900000,0.31%
2024-05-15,4514800000,1.78%
2024-05-14,4435700000,0.11%
2024-05-13,4431000000,-2.11%
2024-05-10,4526500000,-0.03%
2024-05-09,4527700000,-0.85%
2024-05-08,4566500000,1.25%
2024-05-07,4510000000,0.15%
2024-05-06,4503300000,1.85%
2024-05-03,4421600000,0.73%
2024-05-02,4389500000,-1.32%
2024-05-01,4448200000,-0.09%
2024-04-30,4452000000,-1.09%
2024-04-29,4500900000,0.63%
2024-04-26,4472600000,-0.36%
2024-04-25,4488700000,0.70%
2024-04-24,4457500000,0.57%
2024-04-23,4432200000,1.58%
2024-04-22,4363200000,1.29%
2024-04-19,4307600000,0.40%
2024-04-18,4290399999,0.18%
2024-04-17,4282500000,-0.90%
2024-04-16,4321300000,-1.12%
2024-04-15,4370100000,0.35%
2024-04-12,4355000000,-0.39%
2024-04-11,4372000000,-0.67%
2024-04-10,4401300000,-0.88%
2024-04-09,4440300000,0.41%
2024-04-08,4422100000,0.34%
2024-04-05,4407000000,-0.71%
2024-04-04,4438600000,1.16%
2024-04-03,4387600000,1.05%
2024-04-02,4342100000,-1.24%
2024-04-01,4396700000,-0.49%
2024-03-28,4418500000,-0.14%
2024-03-27,4424700000,1.81%
2024-03-26,4345900000,0.16%
2024-03-25,4338800000,-0.59%
2024-03-22,4364600000,-0.88%
2024-03-21,4403200000,0.01%
2024-03-20,4402700000,-0.34%
2024-03-19,4417500000,0.24%
2024-03-18,4407000000,0.82%
2024-03-15,4371100000,0.11%
2024-03-14,4366100000,-0.93%
2024-03-13,4407000000,-0.33%
2024-03-12,4421600000,-0.12%
2024-03-11,4427100000,-0.34%
2024-03-08,4442000000,
2024-03-07,4442200000,0.10%
2024-03-06,4437700000,-0.67%
2024-03-05,4467600000,-0.82%
2024-03-04,4504500000,-0.51%
2024-03-01,4527500000,0.47%
2024-02-29,4506400000,0.24%
2024-02-28,4495400000,-0.34%
2024-02-27,4510700000,-0.09%
2024-02-26,4514800000,-1.47%
2024-02-23,4582300000,-0.15%
2024-02-22,4589200000,2.05%
2024-02-21,4497000000,-0.10%
2024-02-20,4501600000,-0.71%
2024-02-16,4533900000,-0.99%
2024-02-15,4579200000,-0.35%
2024-02-14,4595500000,1.05%
2024-02-13,4547800000,-0.86%
2024-02-12,4587100000,0.33%
2024-02-09,4572200000,-0.14%
2024-02-08,4578700000,-1.81%
2024-02-07,4663000000,1.02%
2024-02-06,4616100000,6.08%
2024-02-05,4351700000,-1.51%
2024-02-02,4418200000,-0.91%
2024-02-01,4458900000,0.65%
2024-01-31,4430200000,-1.26%
2024-01-30,4486900000,-0.15%
2024-01-29,4493800000,0.59%
2024-01-26,4467300000,0.36%
2024-01-25,4451200000,-0.80%
2024-01-24,4487100000,-0.68%
2024-01-23,4517800000,0.14%
2024-01-22,4511500000,-0.76%
2024-01-19,4546000000,0.76%
2024-01-18,4511500000,1.74%
2024-01-17,4434500000,-1.92%
2024-01-16,4521100000,5.80%
2024-01-12,4273200000,-0.19%
2024-01-11,4281300000,0.08%
2024-01-10,4277899999,-0.05%
2024-01-09,4279899999,-0.49%
2024-01-08,4300900000,1.22%
2024-01-05,4249200000,0.03%
2024-01-04,4247800000,-0.28%
2024-01-03,4259800000,-1.58%
2024-01-02,4328200000,-0.54%
2023-12-29,4351900000,0.08%
2023-12-28,4348500000,0.10%
2023-12-27,4344200000,0.37%
2023-12-26,4328400000,1.08%
2023-12-22,4282200000,0.04%
2023-12-21,4280600000,1.48%
2023-12-20,4218100000,-1.65%
2023-12-19,4289000000,0.64%
2023-12-18,4261700000,2.82%
2023-12-15,4144899999,-0.06%
2023-12-14,4147500000,1.08%
2023-12-13,4103000000,0.32%
2023-12-12,4089800000,0.15%
2023-12-11,4083600000,-0.12%
2023-12-08,4088400000,1.03%
2023-12-07,4046700000,-0.02%
2023-12-06,4047500000,-0.36%
2023-12-05,4062100000,-1.66%
2023-12-04,4130500000,0.76%
2023-12-01,4099200000,1.23%
2023-11-30,4049400000,1.15%
2023-11-29,4003400000,-1.17%
2023-11-28,4050800000,-1.33%
2023-11-27,4105399999,0.02%
2023-11-24,4104700000,0.15%
2023-11-22,4098700000,0.72%
2023-11-21,4069500000,-1.23%
2023-11-20,4120200000,0.02%
2023-11-17,4119500000,0.77%
2023-11-16,4088100000,-2.14%
2023-11-15,4177700000,0.76%
2023-11-14,4146300000,2.15%
2023-11-13,4058900000,-0.61%
2023-11-10,4083800000,1.32%
2023-11-09,4030500000,-0.80%
2023-11-08,4063000000,-0.50%
2023-11-07,4083600000,-1.48%
2023-11-06,4144899999,-0.70%
2023-11-03,4174100000,-0.82%
2023-11-02,4208800000,5.07%
2023-11-01,4005700000,-0.29%
2023-10-31,4017400000,0.73%
2023-10-30,3988300000,1.05%
2023-10-27,3946700000,-0.55%
2023-10-26,3968400000,-0.66%
2023-10-25,3994700000,-1.83%
2023-10-24,4069000000,0.23%
2023-10-23,4059500000,-1.63%
2023-10-20,4126600000,-0.70%
2023-10-19,4155500000,-1.25%
2023-10-18,4208300000,-3.86%
2023-10-17,4377300000,0.99%
2023-10-16,4334300000,2.56%
2023-10-13,4226000000,0.33%
2023-10-12,4212200000,-1.19%
2023-10-11,4263100000,-0.30%
2023-10-10,4276000000,1.42%
2023-10-09,4216000000,0.47%
2023-10-06,4196399999,1.01%
2023-10-05,4154600000,-0.13%
2023-10-04,4159800000,0.20%
2023-10-03,4151500000,-1.00%
2023-10-02,4193300000,-0.45%
2023-09-29,4212399999,0.23%
2023-09-28,4202800000,0.26%
2023-09-27,4191899999,-0.39%
2023-09-26,4208300000,-2.18%
2023-09-25,4302000000,-0.33%
2023-09-22,4316100000,0.65%
2023-09-21,4288399999,-1.85%
2023-09-20,4369100000,2.13%
2023-09-19,4277899999,0.48%
2023-09-18,4257600000,0.02%
2023-09-15,4256600000,-1.22%
2023-09-14,4309200000,1.97%
2023-09-13,4226000000,1.04%
2023-09-12,4182500000,1.87%
2023-09-11,4105800000,2.31%
2023-09-08,4013100000,-0.14%
2023-09-07,4018900000,-0.98%
2023-09-06,4058800000,-1.24%
2023-09-05,4109899999,-3.88%
2023-09-01,4275700000,0.53%
2023-08-31,4253000000,-0.14%
2023-08-30,4259000000,0.55%
2023-08-29,4235800000,-1.00%
2023-08-28,4278800000,1.99%
2023-08-25,4195399999,0.52%
2023-08-24,4173500000,-0.62%
2023-08-23,4199500000,-0.89%
2023-08-22,4237000000,1.10%
2023-08-21,4190899999,-1.49%
2023-08-18,4254500000,-3.75%
2023-08-17,4420300000,-10.02%
2023-08-16,4912700000,-1.10%
2023-08-15,4967400000,-0.50%
2023-08-14,4992500000,0.49%
2023-08-11,4968100000,0.64%
2023-08-10,4936600000,-0.28%
2023-08-09,4950500000,-0.98%
2023-08-08,4999700000,-0.98%
2023-08-07,5049400000,1.23%
2023-08-04,4988000000,-1.50%
2023-08-03,5064000000,1.18%
2023-08-02,5004900000,0.25%
2023-08-01,4992300000,-1.79%
2023-07-31,5083300000,0.24%
2023-07-28,5071100000,11.65%
2023-07-27,4542100000,-0.69%
2023-07-26,4573700000,-0.41%
2023-07-25,4592500000,0.72%
2023-07-24,4559600000,-1.05%
2023-07-21,4607800000,0.50%
2023-07-20,4585100000,1.10%
2023-07-19,4535000000,-2.21%
2023-07-18,4637700000,0.57%
2023-07-17,4611200000,0.11%
2023-07-14,4606200000,0.08%
2023-07-13,4602300000,-0.31%
2023-07-12,4616700000,0.45%
2023-07-11,4595900000,-1.06%
2023-07-10,4645300000,1.07%
2023-07-07,4596100000,1.27%
2023-07-06,4538500000,0.81%
2023-07-05,4502000000,0.72%
2023-07-03,4469700000,-0.52%
2023-06-30,4493100000,0.61%
2023-06-29,4465700000,0.97%
2023-06-28,4422700000,1.78%
2023-06-27,4345500000,1.37%
2023-06-26,4286700000,0.07%
2023-06-23,4283800000,-0.64%
2023-06-22,4311600000,2.13%
2023-06-21,4221500000,0.67%
2023-06-20,4193300000,-2.55%
2023-06-16,4303000000,0.65%
2023-06-15,4275000000,0.15%
2023-06-14,4268500000,-0.39%
2023-06-13,4285000000,1.48%
2023-06-12,4222399999,-0.62%
2023-06-09,4248700000,-0.31%
2023-06-08,4262100000,1.06%
2023-06-07,4217200000,-0.89%
2023-06-06,4255200000,-0.22%
2023-06-05,4264700000,0.04%
2023-06-02,4262800000,0.34%
2023-06-01,4248200000,0.65%
2023-05-31,4220800000,0.51%
2023-05-30,4199500000,-0.93%
2023-05-26,4238899999,-0.02%
2023-05-25,4239600000,-0.28%
2023-05-24,4251300000,-1.22%
2023-05-23,4303900000,-0.84%
2023-05-22,4340500000,-2.29%
2023-05-19,4442300000,-1.49%
2023-05-18,4509600000,1.21%
2023-05-17,4455900000,-0.95%
2023-05-16,4498600000,-0.50%
2023-05-15,4521100000,-0.39%
2023-05-12,4539000000,-0.14%
2023-05-11,4545200000,-1.91%
2023-05-10,4633600000,-2.91%
2023-05-09,4772700000,-2.19%
2023-05-08,4879700000,-1.02%
2023-05-05,4929900000,-1.05%
2023-05-04,4982000000,3.29%
2023-05-03,4823200000,-0.92%
2023-05-02,4868100000,-0.55%
2023-05-01,4895100000,2.23%
2023-04-28,4788300000,-0.44%
2023-04-27,4809600000,1.85%
2023-04-26,4722200000,-0.41%
2023-04-25,4741700000,-0.28%
2023-04-24,4755100000,0.22%
2023-04-21,4744600000,-0.12%
2023-04-20,4750300000,-0.63%
2023-04-19,4780200000,0.13%
2023-04-18,4774000000,2.77%
2023-04-17,4645300000,-1.26%
2023-04-14,4704500000,-0.95%
2023-04-13,4749600000,1.41%
2023-04-12,4683500000,-1.06%
2023-04-11,4733900000,2.20%
2023-04-10,4631900000,-0.15%
2023-04-06,4638800000,-0.19%
2023-04-05,4647400000,0.03%
2023-04-04,4646000000,-0.21%
2023-04-03,4656000000,0.06%
2023-03-31,4653400000,0.83%
2023-03-30,4615200000,0.39%
2023-03-29,4597300000,0.06%
2023-03-28,4594400000,1.11%
2023-03-27,4543800000,1.01%
2023-03-24,4498400000,0.55%
2023-03-23,4474000000,0.32%
2023-03-22,4459700000,-0.83%
2023-03-21,4497200000,0.31%
2023-03-20,4483300000,2.32%
2023-03-17,4381800000,-0.26%
2023-03-16,4393100000,0.99%
2023-03-15,4350100000,-1.28%
2023-03-14,4406700000,-0.07%
2023-03-13,4409800000,-1.31%
2023-03-10,4468500000,-1.45%
2023-03-09,4534200000,-0.78%
2023-03-08,4569800000,-0.60%
2023-03-07,4597500000,-0.85%
2023-03-06,4636700000,-0.57%
2023-03-03,4663200000,
2023-03-02,4663200000,1.32%
2023-03-01,4602300000,0.82%
2023-02-28,4564800000,-0.04%
2023-02-27,4566700000,0.59%
2023-02-24,4539700000,-1.21%
2023-02-23,4595100000,0.47%
2023-02-22,4573600000,0.56%
2023-02-21,4548300000,0.01%
2023-02-17,4547800000,0.22%
2023-02-16,4537800000,0.52%
2023-02-15,4514400000,0.73%
2023-02-14,4481700000,-0.34%
2023-02-13,4497000000,0.76%
2023-02-10,4463000000,-0.54%
2023-02-09,4487400000,-0.05%
2023-02-08,4489800000,3.82%
2023-02-07,4324500000,-1.11%
2023-02-06,4373200000,-0.20%
2023-02-03,4382000000,-1.22%
2023-02-02,4436000000,-0.70%
2023-02-01,4467400000,0.97%
2023-01-31,4424600000,0.92%
2023-01-30,4384200000,-0.15%
2023-01-27,4390700000,-1.67%
2023-01-26,4465200000,0.92%
2023-01-25,4424600000,0.61%
2023-01-24,4397800000,-0.16%
2023-01-23,4404900000,-0.41%
2023-01-20,4423100000,2.22%
2023-01-19,4327000000,0.23%
2023-01-18,4317000000,-0.35%
2023-01-17,4332300000,-0.87%
2023-01-13,4370500000,0.85%
2023-01-12,4333600000,-1.61%
2023-01-11,4404400000,-1.22%
2023-01-10,4458600000,-0.14%
2023-01-09,4464700000,-0.10%
2023-01-06,4469100000,-0.18%
2023-01-05,4477100000,-1.34%
2023-01-04,4537700000,2.88%
2023-01-03,4410700000,-1.12%
2022-12-30,4460800000,1.02%
2022-12-29,4415800000,1.33%
2022-12-28,4357900000,-2.16%
2022-12-27,4454000000,0.83%
2022-12-23,4417300000,2.24%
2022-12-22,4320700000,2.74%
2022-12-21,4205600000,6.04%
2022-12-20,3965900000,1.99%
2022-12-19,3888500000,-0.26%
2022-12-16,3898500000,0.14%
2022-12-15,3893200000,-0.26%
2022-12-14,3903400000,-0.35%
2022-12-13,3917000000,0.06%
2022-12-12,3914600000,0.46%
2022-12-09,3896600000,-0.35%
2022-12-08,3910400000,0.87%
2022-12-07,3876800000,-1.69%
2022-12-06,3943300000,-1.63%
2022-12-05,4008500000,-0.15%
2022-12-02,4014600000,1.60%
2022-12-01,3951300000,-0.28%
2022-11-30,3962300000,1.77%
2022-11-29,3893200000,-0.45%
2022-11-28,3910900000,0.14%
2022-11-25,3905600000,4.40%
2022-11-23,3741100000,0.49%
2022-11-22,3722800000,3.06%
2022-11-21,3612100000,-0.08%
2022-11-18,3615000000,-0.98%
2022-11-17,3650600000,0.44%
2022-11-16,3634500000,0.98%
2022-11-15,3599200000,-0.80%
2022-11-14,3628200000,-0.53%
2022-11-11,3647600000,-0.13%
2022-11-10,3652300000,1.84%
2022-11-09,3586300000,-0.97%
2022-11-08,3621400000,-1.39%
2022-11-07,3672500000,1.60%
2022-11-04,3614500000,-0.80%
2022-11-03,3643700000,-1.37%
2022-11-02,3694400000,-2.09%
2022-11-01,3773400000,-0.98%
2022-10-31,3810700000,1.48%
2022-10-28,3755200000,2.38%
2022-10-27,3667800000,-0.74%
2022-10-26,3695000000,-0.77%
2022-10-25,3723800000,1.11%
2022-10-24,3683100000,0.66%
2022-10-21,3658900000,-0.58%
2022-10-20,3680200000,-0.97%
2022-10-19,3716300000,-0.15%
2022-10-18,3721700000,1.27%
2022-10-17,3674900000,2.42%
2022-10-14,3588200000,-5.24%
2022-10-13,3786800000,1.56%
2022-10-12,3728700000,-0.10%
2022-10-11,3732300000,0.86%
2022-10-10,3700600000,0.57%
2022-10-07,3679500000,8.21%
2022-10-06,3400400000,-1.72%
2022-10-05,3459800000,-0.59%
2022-10-04,3480400000,1.27%
2022-10-03,3436800000,3.81%
2022-09-30,3310800000,-0.86%
2022-09-29,3339400000,-2.18%
2022-09-28,3413700000,0.60%
2022-09-27,3393400000,0.68%
2022-09-26,3370400000,-2.84%
2022-09-23,3469000000,-1.65%
2022-09-22,3527100000,-2.13%
2022-09-21,3603700000,0.55%
2022-09-20,3584000000,-1.18%
2022-09-19,3626700000,-0.35%
2022-09-16,3639300000,-2.98%
2022-09-15,3751200000,-0.94%
2022-09-14,3786800000,0.62%
2022-09-13,3763300000,-2.30%
2022-09-12,3852000000,-0.73%
2022-09-09,3880300000,1.48%
2022-09-08,3823600000,-0.86%
2022-09-07,3856600000,0.91%
2022-09-06,3821700000,-0.20%
2022-09-02,3829500000,-0.32%
2022-09-01,3841800000,-1.06%
2022-08-31,3882800000,-0.06%
2022-08-30,3885200000,0.34%
2022-08-29,3871900000,-0.43%
2022-08-26,3888800000,-2.90%
2022-08-25,4005100000,-0.44%
2022-08-24,4023000000,-0.50%
2022-08-23,4043400000,-0.33%
2022-08-22,4056700000,-3.69%
2022-08-19,4212000000,1.83%
2022-08-18,4136200000,5.94%
2022-08-17,3904300000,-0.80%
2022-08-16,3935800000,1.57%
2022-08-15,3874800000,0.21%
2022-08-12,3866800000,1.79%
2022-08-11,3798900000,-0.12%
2022-08-10,3803300000,0.81%
2022-08-09,3772800000,-0.31%
2022-08-08,3784600000,1.31%
2022-08-05,3735700000,-1.64%
2022-08-04,3798000000,0.92%
2022-08-03,3763300000,0.80%
2022-08-02,3733500000,-1.02%
2022-08-01,3771800000,1.24%
2022-07-29,3725500000,-1.02%
2022-07-28,3763800000,-1.59%
2022-07-27,3824600000,0.84%
2022-07-26,3792900000,-0.58%
2022-07-25,3814900000,-0.11%
2022-07-22,3819000000,-0.12%
2022-07-21,3823600000,-0.94%
2022-07-20,3859700000,1.80%
2022-07-19,3791400000,3.19%
2022-07-18,3674200000,-0.38%
2022-07-15,3688200000,1.65%
2022-07-14,3628400000,-0.55%
2022-07-13,3648500000,0.81%
2022-07-12,3619200000,-0.23%
2022-07-11,3627400000,-0.27%
2022-07-08,3637300000,-0.89%
2022-07-07,3670100000,-0.90%
2022-07-06,3703500000,-1.89%
2022-07-05,3775000000,1.27%
2022-07-01,3727500000,1.89%
2022-06-30,3658200000,0.12%
2022-06-29,3653800000,-0.17%
2022-06-28,3660100000,-1.72%
2022-06-27,3724100000,-0.16%
2022-06-24,3729900000,1.95%
2022-06-23,3658400000,-0.67%
2022-06-22,3683100000,2.21%
2022-06-21,3603400000,-1.35%
2022-06-17,3652600000,3.29%
2022-06-16,3536100000,-4.66%
2022-06-15,3708800000,1.64%
2022-06-14,3649000000,-0.34%
2022-06-13,3661300000,-3.47%
2022-06-10,3792900000,-1.30%
2022-06-09,3842800000,-2.01%
2022-06-08,3921800000,-0.57%
2022-06-07,3944100000,-0.08%
2022-06-06,3947400000,-0.91%
2022-06-03,3983500000,-0.52%
2022-06-02,4004400000,2.12%
2022-06-01,3921300000,-1.22%
2022-05-31,3969700000,0.01%
2022-05-27,3969200000,0.28%
2022-05-26,3958300000,0.08%
2022-05-25,3955200000,2.29%
2022-05-24,3866800000,-3.61%
2022-05-23,4011600000,1.46%
2022-05-20,3953700000,0.42%
2022-05-19,3937300000,2.50%
2022-05-18,3841100000,0.35%
2022-05-17,3827800000,3.15%
2022-05-16,3711000000,-0.54%
2022-05-13,3731100000,0.61%
2022-05-12,3708600000,-0.82%
2022-05-11,3739300000,-0.92%
2022-05-10,3774000000,-0.49%
2022-05-09,3792400000,-3.83%
2022-05-06,3943300000,-3.31%
2022-05-05,4078500000,5.92%
2022-05-04,3850400000,-0.55%
2022-05-03,3871500000,0.43%
2022-05-02,3854800000,-1.81%
2022-04-29,3926000000,-2.36%
2022-04-28,4020900000,0.08%
2022-04-27,4017800000,0.52%
2022-04-26,3997000000,-3.17%
2022-04-25,4128000000,1.74%
2022-04-22,4057300000,-1.22%
2022-04-21,4107600000,-3.59%
2022-04-20,4260700000,-0.27%
2022-04-19,4272300000,0.80%
2022-04-18,4238200000,-0.84%
2022-04-14,4274300000,1.24%
2022-04-13,4221899999,1.28%
2022-04-12,4168399999,0.35%
2022-04-11,4153899999,-0.41%
2022-04-08,4171100000,-0.99%
2022-04-07,4212700000,-0.58%
2022-04-06,4237399999,-1.18%
2022-04-05,4288100000,-2.21%
2022-04-04,4385200000,1.58%
2022-04-01,4317100000,-0.61%
2022-03-31,4343800000,-0.14%
2022-03-30,4350100000,2.50%
2022-03-29,4244200000,0.30%
2022-03-28,4231600000,1.00%
2022-03-25,4189500000,0.11%
2022-03-24,4184899999,0.55%
2022-03-23,4161899999,-0.77%
2022-03-22,4194100000,0.87%
2022-03-21,4157800000,1.04%
2022-03-18,4115100000,-0.69%
2022-03-17,4143500000,-0.54%
2022-03-16,4165800000,1.38%
2022-03-15,4109100000,0.87%
2022-03-14,4073500000,0.07%
2022-03-11,4070600000,-2.36%
2022-03-10,4168899999,1.94%
2022-03-09,4089500000,4.77%
2022-03-08,3903200000,1.99%
2022-03-07,3827000000,-3.55%
2022-03-04,3967900000,-2.59%
2022-03-03,4073200000,-1.99%
2022-03-02,4156100000,-0.49%
2022-03-01,4176399999,-0.32%
2022-02-28,4189700000,-0.53%
2022-02-25,4212000000,0.33%
2022-02-24,4198200000,0.81%
2022-02-23,4164300000,-1.48%
2022-02-22,4227000000,-1.86%
2022-02-18,4307000000,0.22%
2022-02-17,4297500000,-1.70%
2022-02-16,4371900000,0.75%
2022-02-15,4339400000,2.15%
2022-02-14,4248100000,0.29%
2022-02-11,4235800000,-0.78%
2022-02-10,4268899999,1.22%
2022-02-09,4217600000,1.40%
2022-02-08,4159200000,-0.18%
2022-02-07,4166500000,1.95%
2022-02-04,4086800000,2.84%
2022-02-03,3974000000,-1.22%
2022-02-02,4023100000,0.56%
2022-02-01,4000600000,-0.53%
2022-01-31,4021900000,2.94%
2022-01-28,3907100000,1.10%
2022-01-27,3864700000,-1.36%
2022-01-26,3918000000,-0.83%
2022-01-25,3950900000,-1.64%
2022-01-24,4016800000,1.46%
2022-01-21,3958900000,-1.48%
2022-01-20,4018300000,0.25%
2022-01-19,4008300000,-0.68%
2022-01-18,4035700000,-0.45%
2022-01-14,4054100000,-1.14%
2022-01-13,4100899999,0.98%
2022-01-12,4061100000,-0.82%
2022-01-11,4094800000,0.88%
2022-01-10,4059200000,-0.48%
2022-01-07,4078800000,-1.10%
2022-01-06,4124100000,0.61%
2022-01-05,4099200000,-2.83%
2022-01-04,4218800000,-1.67%
2022-01-03,4290500000,1.98%
2021-12-31,4207399999,0.05%
2021-12-30,4205200000,0.36%
2021-12-29,4190200000,-0.75%
2021-12-28,4221899999,0.34%
2021-12-27,4207700000,-0.19%
2021-12-23,4215899999,3.27%
2021-12-22,4082500000,-0.20%
2021-12-21,4090700000,3.37%
2021-12-20,3957200000,-0.80%
2021-12-17,3989200000,2.18%
2021-12-16,3904200000,-0.79%
2021-12-15,3935200000,-0.16%
2021-12-14,3941500000,-2.04%
2021-12-13,4023600000,-1.50%
2021-12-10,4084900000,-1.02%
2021-12-09,4127000000,-1.55%
2021-12-08,4191899999,-0.77%
2021-12-07,4224600000,1.20%
2021-12-06,4174700000,0.04%
2021-12-03,4173000000,-1.90%
2021-12-02,4253700000,4.67%
2021-12-01,4064000000,-2.59%
2021-11-30,4172100000,-1.04%
2021-11-29,4215899999,0.84%
2021-11-26,4180800000,-3.45%
2021-11-24,4330400000,-0.16%
2021-11-23,4337200000,1.13%
2021-11-22,4288800000,-0.91%
2021-11-19,4328000000,-1.69%
2021-11-18,4402400000,-2.22%
2021-11-17,4502200000,-1.70%
2021-11-16,4580100000,-1.47%
2021-11-15,4648200000,0.65%
2021-11-12,4618200000,-2.50%
2021-11-11,4736600000,1.49%
2021-11-10,4667100000,-2.32%
2021-11-09,4778000000,-1.35%
2021-11-08,4843600000,0.12%
2021-11-05,4837600000,3.45%
2021-11-04,4676200000,0.46%
2021-11-03,4654800000,-2.63%
2021-11-02,4780600000,0.49%
2021-11-01,4757200000,4.09%
2021-10-29,4570300000,0.83%
2021-10-28,4532700000,2.07%
2021-10-27,4440600000,-0.90%
2021-10-26,4481100000,0.55%
2021-10-25,4456800000,1.54%
2021-10-22,4389200000,-1.24%
2021-10-21,4444500000,-0.79%
2021-10-20,4479900000,-0.87%
2021-10-19,4519200000,-0.51%
2021-10-18,4542400000,0.26%
2021-10-15,4530800000,-1.59%
2021-10-14,4603900000,1.34%
2021-10-13,4542800000,-0.85%
2021-10-12,4581700000,1.68%
2021-10-11,4506000000,-0.36%
2021-10-08,4522400000,-0.91%
2021-10-07,4564100000,-0.05%
2021-10-06,4566500000,0.04%
2021-10-05,4564600000,0.43%
2021-10-04,4545000000,-1.46%
2021-10-01,4612300000,2.85%
2021-09-30,4484500000,-1.79%
2021-09-29,4566200000,-0.97%
2021-09-28,4610900000,-1.05%
2021-09-27,4659600000,0.47%
2021-09-24,4637600000,0.63%
2021-09-23,4608400000,2.29%
2021-09-22,4505200000,2.15%
2021-09-21,4410200000,0.01%
2021-09-20,4409700000,-1.42%
2021-09-17,4473200000,2.75%
2021-09-16,4353300000,
2021-09-15,4353300000,-0.34%
2021-09-14,4368000000,0.82%
2021-09-13,4332600000,2.65%
2021-09-10,4220700000,-0.77%
2021-09-09,4253500000,-1.85%
2021-09-08,4333800000,-0.44%
2021-09-07,4353100000,-2.12%
2021-09-03,4447600000,0.37%
2021-09-02,4431400000,0.86%
2021-09-01,4393600000,0.78%
2021-08-31,4359800000,1.48%
2021-08-30,4296100000,-1.03%
2021-08-27,4341000000,2.46%
2021-08-26,4236600000,2.56%
2021-08-25,4130700000,4.05%
2021-08-24,3969800000,-0.36%
2021-08-23,3984100000,2.44%
2021-08-20,3889300000,2.06%
2021-08-19,3810700000,1.67%
2021-08-18,3748000000,0.05%
2021-08-17,3746300000,0.58%
2021-08-16,3724600000,0.05%
2021-08-13,3722900000,-0.78%
2021-08-12,3752100000,-1.64%
2021-08-11,3814800000,0.59%
2021-08-10,3792300000,-0.13%
2021-08-09,3797200000,-1.28%
2021-08-06,3846400000,0.42%
2021-08-05,3830400000,1.69%
2021-08-04,3766800000,-1.88%
2021-08-03,3838900000,-1.72%
2021-08-02,3906200000,-0.47%
2021-07-30,3924700000,-1.03%
2021-07-29,3965500000,-0.50%
2021-07-28,3985500000,0.30%
2021-07-27,3973500000,-0.46%
2021-07-26,3992000000,1.10%
2021-07-23,3948600000,0.21%
2021-07-22,3940400000,-0.16%
2021-07-21,3946900000,1.44%
2021-07-20,3891000000,0.80%
2021-07-19,3860100000,-3.02%
2021-07-16,3980400000,-1.62%
2021-07-15,4045800000,0.67%
2021-07-14,4018800000,-2.48%
2021-07-13,4121000000,-1.57%
2021-07-12,4186899999,0.41%
2021-07-09,4170000000,2.08%
2021-07-08,4085100000,-0.30%
2021-07-07,4097399999,-0.20%
2021-07-06,4105600000,-1.66%
2021-07-02,4174800000,-0.06%
2021-07-01,4177500000,0.38%
2021-06-30,4161800000,-0.89%
2021-06-29,4199200000,-1.45%
2021-06-28,4261200000,0.08%
2021-06-25,4257800000,1.37%
2021-06-24,4200200000,0.42%
2021-06-23,4182500000,0.41%
2021-06-22,4165399999,-0.33%
2021-06-21,4179399999,2.06%
2021-06-18,4095200000,-0.84%
2021-06-17,4129700000,-1.05%
2021-06-16,4173399999,-0.36%
2021-06-15,4188300000,-1.17%
2021-06-14,4237800000,-0.81%
2021-06-11,4272500000,-0.06%
2021-06-10,4275200000,0.32%
2021-06-09,4261600000,0.96%
2021-06-08,4220899999,-0.03%
2021-06-07,4222300000,-0.66%
2021-06-04,4250300000,-0.82%
2021-06-03,4285500000,-0.69%
2021-06-02,4315400000,-2.07%
2021-06-01,4406800000,-1.25%
2021-05-28,4462500000,-1.12%
2021-05-27,4512900000,-0.83%
2021-05-26,4550600000,-0.89%
2021-05-25,4591300000,-0.74%
2021-05-24,4625300000,-0.13%
2021-05-21,4631100000,0.38%
2021-05-20,4613500000,0.52%
2021-05-19,4589600000,2.45%
2021-05-18,4479900000,1.52%
2021-05-17,4412900000,-1.31%
2021-05-14,4471700000,2.66%
2021-05-13,4355700000,0.37%
2021-05-12,4339500000,-1.40%
2021-05-11,4401300000,0.73%
2021-05-10,4369200000,-1.57%
2021-05-07,4438900000,1.80%
2021-05-06,4360500000,-0.34%
2021-05-05,4375200000,-0.32%
2021-05-04,4389200000,-1.49%
2021-05-03,4455800000,-0.04%
2021-04-30,4457700000,0.03%
2021-04-29,4456500000,0.39%
2021-04-28,4439100000,-0.26%
2021-04-27,4450500000,
2021-04-26,4450700000,0.77%
2021-04-23,4416700000,-0.38%
2021-04-22,4433600000,2.14%
2021-04-21,4340800000,1.92%
2021-04-20,4259000000,-1.40%
2021-04-19,4319500000,1.49%
2021-04-16,4255899999,0.59%
2021-04-15,4231000000,-1.64%
2021-04-14,4301400000,-1.08%
2021-04-13,4348500000,-0.95%
2021-04-12,4390000000,-1.03%
2021-04-09,4435800000,-0.71%
2021-04-08,4467400000,-0.07%
2021-04-07,4470700000,-1.14%
2021-04-06,4522100000,2.80%
2021-04-05,4398900000,-0.34%
2021-04-01,4414100000,1.99%
2021-03-31,4328000000,0.48%
2021-03-30,4307500000,0.73%
2021-03-29,4276399999,-0.07%
2021-03-26,4279500000,-2.91%
2021-03-25,4407800000,1.22%
2021-03-24,4354700000,-2.69%
2021-03-23,4475100000,-1.90%
2021-03-22,4561900000,-1.41%
2021-03-19,4627000000,-1.66%
2021-03-18,4704900000,-1.81%
2021-03-17,4791500000,-0.15%
2021-03-16,4798500000,-1.15%
2021-03-15,4854200000,1.10%
2021-03-12,4801600000,0.47%
2021-03-11,4779000000,1.53%
2021-03-10,4706800000,-1.64%
2021-03-09,4785500000,-0.78%
2021-03-08,4823300000,0.14%
2021-03-05,4816600000,0.86%
2021-03-04,4775300000,-2.41%
2021-03-03,4893000000,1.08%
2021-03-02,4840900000,-2.00%
2021-03-01,4939800000,6.49%
2021-02-26,4638800000,0.56%
2021-02-25,4613000000,-2.05%
2021-02-24,4709700000,0.53%
2021-02-23,4684700000,-0.68%
2021-02-22,4716700000,1.86%
2021-02-19,4630600000,3.34%
2021-02-18,4480900000,0.50%
2021-02-17,4458700000,1.17%
2021-02-16,4407300000,2.03%
2021-02-12,4319500000,-0.82%
2021-02-11,4355200000,0.34%
2021-02-10,4340500000,1.26%
2021-02-09,4286700000,-1.40%
2021-02-08,4347500000,2.38%
2021-02-05,4246500000,0.55%
2021-02-04,4223100000,2.60%
2021-02-03,4116200000,0.35%
2021-02-02,4101899999,2.20%
2021-02-01,4013600000,2.82%
2021-01-29,3903400000,-1.41%
2021-01-28,3959100000,-0.01%
2021-01-27,3959600000,-5.05%
2021-01-26,4170300000,0.02%
2021-01-25,4169600000,-0.81%
2021-01-22,4203600000,-0.73%
2021-01-21,4234700000,-1.00%
2021-01-20,4277600000,-1.32%
2021-01-19,4334800000,2.89%
2021-01-15,4213200000,-0.18%
2021-01-14,4221000000,-0.21%
2021-01-13,4229899999,-0.83%
2021-01-12,4265300000,-1.80%
2021-01-11,4343400000,-1.32%
2021-01-08,4401300000,-1.07%
2021-01-07,4448800000,-1.03%
2021-01-06,4494900000,2.51%
2021-01-05,4384700000,1.51%
2021-01-04,4319600000,-2.69%
2020-12-31,4438900000,-1.11%
2020-12-30,4488600000,0.91%
2020-12-29,4448100000,0.91%
2020-12-28,4408100000,3.10%
2020-12-24,4275500000,-0.11%
2020-12-23,4280300000,1.11%
2020-12-22,4233300000,-0.76%
2020-12-21,4265800000,-0.24%
2020-12-18,4276200000,-0.67%
2020-12-17,4304900000,0.08%
2020-12-16,4301300000,-0.75%
2020-12-15,4334000000,1.33%
2020-12-14,4277100000,-2.20%
2020-12-11,4373300000,1.18%
2020-12-10,4322500000,1.01%
2020-12-09,4279100000,-0.30%
2020-12-08,4291899999,0.62%
2020-12-07,4265600000,-0.64%
2020-12-04,4293100000,0.30%
2020-12-03,4280300000,0.02%
2020-12-02,4279300000,2.77%
2020-12-01,4163800000,1.94%
2020-11-30,4084500000,-1.83%
2020-11-27,4160700000,0.08%
2020-11-25,4157500000,-1.60%
2020-11-24,4225100000,2.07%
2020-11-23,4139500000,0.97%
2020-11-20,4099700000,-1.15%
2020-11-19,4147200000,1.71%
2020-11-18,4077300000,-2.39%
2020-11-17,4177300000,-0.86%
2020-11-16,4213500000,1.01%
2020-11-13,4171500000,0.62%
2020-11-12,4145700000,-0.28%
2020-11-11,4157500000,0.12%
2020-11-10,4152500000,2.38%
2020-11-09,4055800000,11.53%
2020-11-06,3636500000,-0.97%
2020-11-05,3672200000,1.72%
2020-11-04,3610100000,0.35%
2020-11-03,3597400000,2.59%
2020-11-02,3506700000,3.17%
2020-10-30,3399100000,-0.87%
2020-10-29,3429100000,0.11%
2020-10-28,3425300000,-2.69%
2020-10-27,3519900000,-3.08%
2020-10-26,3631700000,-2.69%
2020-10-23,3732200000,2.39%
2020-10-22,3645100000,1.93%
2020-10-21,3576000000,1.17%
2020-10-20,3534500000,1.38%
2020-10-19,3486500000,-0.84%
2020-10-16,3516000000,-1.53%
2020-10-15,3570700000,-1.00%
2020-10-14,3606700000,0.12%
2020-10-13,3602400000,0.10%
2020-10-12,3598800000,0.01%
2020-10-09,3598300000,-0.20%
2020-10-08,3605500000,0.01%
2020-10-07,3605300000,0.90%
2020-10-06,3573100000,-0.13%
2020-10-05,3577700000,-1.09%
2020-10-02,3617300000,0.09%
2020-10-01,3614200000,0.08%
2020-09-30,3611300000,-1.27%
2020-09-29,3657600000,-0.31%
2020-09-28,3669100000,1.27%
2020-09-25,3623000000,2.30%
2020-09-24,3541700000,2.27%
2020-09-23,3463200000,-2.06%
2020-09-22,3535900000,-0.38%
2020-09-21,3549400000,-3.21%
2020-09-18,3667000000,-4.04%
2020-09-17,3821500000,-2.37%
2020-09-16,3914400000,1.31%
2020-09-15,3863700000,1.63%
2020-09-14,3801800000,-0.06%
2020-09-11,3804200000,-2.74%
2020-09-10,3911500000,-0.01%
2020-09-09,3911700000,-1.95%
2020-09-08,3989300000,-0.13%
2020-09-04,3994300000,-0.13%
2020-09-03,3999300000,0.01%
2020-09-02,3999100000,1.18%
2020-09-01,3952300000,0.42%
2020-08-31,3935700000,-4.34%
2020-08-28,4114100000,2.62%
2020-08-27,4009200000,2.84%
2020-08-26,3898600000,-1.25%
2020-08-25,3947800000,-0.72%
2020-08-24,3976600000,4.25%
2020-08-21,3814600000,-1.02%
2020-08-20,3854000000,0.40%
2020-08-19,3838600000,1.65%
2020-08-18,3776300000,-0.35%
2020-08-17,3789700000,-4.02%
2020-08-14,3948500000,-1.57%
2020-08-13,4011400000,0.72%
2020-08-12,3982600000,1.25%
2020-08-11,3933600000,2.54%
2020-08-10,3836200000,0.15%
2020-08-07,3830500000,0.72%
2020-08-06,3803100000,0.30%
2020-08-05,3791600000,1.50%
2020-08-04,3735500000,1.28%
2020-08-03,3688200000,0.02%
2020-07-31,3687300000,-0.30%
2020-07-30,3698300000,3.36%
2020-07-29,3578100000,0.14%
2020-07-28,3573100000,0.15%
2020-07-27,3567800000,-2.36%
2020-07-24,3654100000,-0.13%
2020-07-23,3658700000,-0.65%
2020-07-22,3682700000,-1.77%
2020-07-21,3749200000,0.12%
2020-07-20,3744600000,-0.98%
2020-07-17,3781500000,-0.12%
2020-07-16,3786100000,0.42%
2020-07-15,3770300000,5.42%
2020-07-14,3576400000,0.26%
2020-07-13,3567300000,-1.89%
2020-07-10,3636200000,2.32%
2020-07-09,3553600000,-1.01%
2020-07-08,3589800000,0.41%
2020-07-07,3575000000,-2.11%
2020-07-06,3652200000,2.82%
2020-07-02,3552200000,-0.78%
2020-07-01,3580300000,1.59%
2020-06-30,3524100000,-0.29%
2020-06-29,3534400000,1.35%
2020-06-26,3487200000,-3.14%
2020-06-25,3600200000,-0.79%
2020-06-24,3629000000,-3.37%
2020-06-23,3755400000,0.58%
2020-06-22,3733600000,-2.12%
2020-06-19,3814600000,-1.80%
2020-06-18,3884700000,-1.40%
2020-06-17,3939900000,-0.47%
2020-06-16,3958600000,0.12%
2020-06-15,3954000000,0.70%
2020-06-12,3926500000,-0.10%
2020-06-11,3930500000,-3.89%
2020-06-10,4089400000,-1.81%
2020-06-09,4164899999,-3.56%
2020-06-08,4318500000,1.43%
2020-06-05,4257500000,1.52%
2020-06-04,4193700000,-1.37%
2020-06-03,4251800000,3.45%
2020-06-02,4110000000,1.28%
2020-06-01,4058200000,-0.87%
2020-05-29,4093700000,2.10%
2020-05-28,4009500000,-1.46%
2020-05-27,4069000000,0.66%
2020-05-26,4042300000,0.93%
2020-05-22,4005100000,-0.38%
2020-05-21,4020500000,-1.28%
2020-05-20,4072800000,1.39%
2020-05-19,4017100000,1.01%
2020-05-18,3976800000,6.34%
2020-05-15,3739800000,0.63%
2020-05-14,3716500000,0.54%
2020-05-13,3696400000,-3.70%
2020-05-12,3838600000,-1.03%
2020-05-11,3878700000,-6.35%
2020-05-08,4141800000,2.41%
2020-05-07,4044400000,0.60%
2020-05-06,4020400000,-0.26%
2020-05-05,4030900000,0.85%
2020-05-04,3997100000,-0.55%
2020-05-01,4019400000,-2.20%
2020-04-30,4109800000,-3.63%
2020-04-29,4264800000,-0.25%
2020-04-28,4275600000,0.47%
2020-04-27,4255700000,1.91%
2020-04-24,4176100000,-1.30%
2020-04-23,4231000000,2.50%
2020-04-22,4127800000,0.61%
2020-04-21,4102899999,-6.25%
2020-04-20,4376600000,-23.09%
2020-04-17,5690700000,3.18%
2020-04-16,5515400000,-0.24%
2020-04-15,5528800000,-0.01%
2020-04-14,5529300000,-1.02%
2020-04-13,5586400000,-3.83%
2020-04-09,5809000000,2.24%
2020-04-08,5681600000,5.38%
2020-04-07,5391600000,5.22%
2020-04-06,5123900000,3.25%
2020-04-03,4962400000,0.33%
2020-04-02,4945900000,-1.01%
2020-04-01,4996300000,-1.48%
2020-03-31,5071600000,-6.21%
2020-03-30,5407400000,-4.72%
2020-03-27,5675400000,0.98%
2020-03-26,5620500000,1.04%
2020-03-25,5562400000,10.66%
2020-03-24,5026500000,9.56%
2020-03-23,4587700000,-3.32%
2020-03-20,4745300000,-3.19%
2020-03-19,4901700000,4.31%
2020-03-18,4699300000,-3.49%
2020-03-17,4869100000,3.37%
2020-03-16,4710300000,-11.27%
2020-03-13,5308800000,12.05%
2020-03-12,4737900000,-10.23%
2020-03-11,5277900000,-9.53%
2020-03-10,5833700000,9.54%
2020-03-09,5325400000,-10.38%
2020-03-06,5942200000,-1.64%
2020-03-05,6041000000,-4.18%
2020-03-04,6304400000,1.72%
2020-03-03,6197900000,-2.65%
2020-03-02,6366800000,-0.90%
2020-02-28,6424800000,1.80%
2020-02-27,6311300000,-4.28%
2020-02-26,6593700000,-4.69%
2020-02-25,6918500000,-4.81%
2020-02-24,7268000000,-2.43%
2020-02-21,7448700000,-0.87%
2020-02-20,7514400000,-0.14%
2020-02-19,7525200000,1.05%
2020-02-18,7447000000,0.96%
2020-02-14,7376500000,0.12%
2020-02-13,7367400000,-0.07%
2020-02-12,7372600000,1.45%
2020-02-11,7267300000,0.47%
2020-02-10,7233000000,2.78%
2020-02-07,7037500000,-1.12%
2020-02-06,7116900000,0.01%
2020-02-05,7115900000,0.08%
2020-02-04,7109900000,1.29%
2020-02-03,7019200000,-0.77%
2020-01-31,7073900000,-0.28%
2020-01-30,7093500000,-0.33%
2020-01-29,7117100000,0.13%
2020-01-28,7108000000,1.02%
2020-01-27,7036400000,-0.71%
2020-01-24,7086500000,0.21%
2020-01-23,7071700000,-1.34%
2020-01-22,7167700000,-0.68%
2020-01-21,7216900000,-0.94%
2020-01-17,7285500000,0.07%
2020-01-16,7280200000,1.62%
2020-01-15,7163900000,0.08%
2020-01-14,7158400000,0.25%
2020-01-13,7140500000,0.54%
2020-01-10,7102300000,-0.42%
2020-01-09,7132400000,0.38%
2020-01-08,7105200000,-0.44%
2020-01-07,7136900000,-0.11%
2020-01-06,7144800000,
2020-01-03,7144800000,0.70%
2020-01-02,7095100000,0.98%
2019-12-31,7026100000,-0.43%
2019-12-30,7056400000,-0.26%
2019-12-27,7074800000,-0.34%
2019-12-26,7099000000,1.01%
2019-12-24,7027800000,0.15%
2019-12-23,7017000000,-0.17%
2019-12-20,7028700000,1.42%
2019-12-19,6930100000,1.71%
2019-12-18,6813800000,-0.40%
2019-12-17,6841000000,1.15%
2019-12-16,6762900000,0.66%
2019-12-13,6718300000,0.84%
2019-12-12,6662100000,1.84%
2019-12-11,6542000000,-0.27%
2019-12-10,6559700000,-0.52%
2019-12-09,6594300000,-3.37%
2019-12-06,6824100000,2.29%
2019-12-05,6671400000,0.42%
2019-12-04,6643700000,0.87%
2019-12-03,6586200000,-0.27%
2019-12-02,6603900000,-1.87%
2019-11-29,6729700000,-0.48%
2019-11-27,6762400000,2.22%
2019-11-26,6615600000,0.98%
2019-11-25,6551600000,-0.25%
2019-11-22,6567800000,0.25%
2019-11-21,6551300000,-0.24%
2019-11-20,6567100000,-0.62%
2019-11-19,6607900000,0.27%
2019-11-18,6590200000,1.87%
2019-11-15,6469400000,-1.08%
2019-11-14,6539900000,-0.76%
2019-11-13,6590000000,0.21%
2019-11-12,6576200000,2.11%
2019-11-11,6440000000,-3.33%
2019-11-08,6661900000,0.30%
2019-11-07,6642000000,1.39%
2019-11-06,6551000000,1.64%
2019-11-05,6445500000,2.16%
2019-11-04,6309100000,-1.82%
2019-11-01,6426000000,1.33%
2019-10-31,6341900000,-0.47%
2019-10-30,6372100000,-0.62%
2019-10-29,6411800000,0.79%
2019-10-28,6361600000,0.09%
2019-10-25,6355700000,-0.35%
2019-10-24,6378000000,-0.33%
2019-10-23,6398900000,0.99%
2019-10-22,6336000000,0.23%
2019-10-21,6321200000,0.32%
2019-10-18,6301300000,-1.11%
2019-10-17,6371800000,0.97%
2019-10-16,6310300000,0.20%
2019-10-15,6297500000,0.55%
2019-10-14,6263000000,-0.37%
2019-10-11,6286500000,0.39%
2019-10-10,6261800000,0.39%
2019-10-09,6237600000,0.08%
2019-10-08,6232900000,-1.50%
2019-10-07,6327900000,-0.24%
2019-10-04,6342900000,1.48%
2019-10-03,6250200000,1.12%
2019-10-02,6181100000,-1.30%
2019-10-01,6262300000,0.02%
2019-09-30,6261100000,0.19%
2019-09-27,6249500000,-0.46%
2019-09-26,6278500000,-0.63%
2019-09-25,6318100000,0.48%
2019-09-24,6287700000,-2.72%
2019-09-23,6463600000,1.31%
2019-09-20,6379900000,-0.10%
2019-09-19,6386100000,0.37%
2019-09-18,6362300000,-1.37%
2019-09-17,6450700000,0.21%
2019-09-16,6436900000,0.85%
2019-09-13,6382800000,1.55%
2019-09-12,6285400000,2.46%
2019-09-11,6134200000,1.31%
2019-09-10,6055100000,0.97%
2019-09-09,5996900000,-0.35%
2019-09-06,6017800000,-0.22%
2019-09-05,6031100000,2.20%
2019-09-04,5901200000,-0.26%
2019-09-03,5916600000,-1.31%
2019-08-30,5995300000,1.70%
2019-08-29,5895000000,-1.01%
2019-08-28,5955300000,0.56%
2019-08-27,5922100000,-1.30%
2019-08-26,6000000000,-0.75%
2019-08-23,6045600000,-2.67%
2019-08-22,6211700000,0.12%
2019-08-21,6204300000,-2.32%
2019-08-20,6351600000,-8.89%
2019-08-19,6971500000,0.66%
2019-08-16,6925600000,1.81%
2019-08-15,6802500000,0.38%
2019-08-14,6776600000,-1.80%
2019-08-13,6900900000,1.16%
2019-08-12,6821500000,-2.57%
2019-08-09,7001400000,-0.53%
2019-08-08,7038700000,2.69%
2019-08-07,6854600000,0.91%
2019-08-06,6792800000,1.66%
2019-08-05,6681600000,-2.87%
2019-08-02,6878800000,-0.02%
2019-08-01,6880200000,-0.16%
2019-07-31,6890900000,-0.18%
2019-07-30,6903500000,1.10%
2019-07-29,6828700000,-0.68%
2019-07-26,6875200000,0.73%
2019-07-25,6825100000,0.37%
2019-07-24,6799900000,0.56%
2019-07-23,6761900000,0.04%
2019-07-22,6759500000,0.67%
2019-07-19,6714200000,-0.88%
2019-07-18,6773600000,-0.65%
2019-07-17,6818000000,-0.63%
2019-07-16,6861500000,-0.70%
2019-07-15,6909900000,0.14%
2019-07-12,6899900000,1.36%
2019-07-11,6807500000,0.23%
2019-07-10,6792100000,0.69%
2019-07-09,6745300000,0.86%
2019-07-08,6687800000,-1.17%
2019-07-05,6766900000,0.05%
2019-07-03,6763800000,1.23%
2019-07-02,6681600000,0.53%
2019-07-01,6646400000,-0.07%
2019-06-28,6651000000,0.71%
2019-06-27,6604400000,1.41%
2019-06-26,6512700000,0.61%
2019-06-25,6473500000,-2.06%
2019-06-24,6609600000,-1.15%
2019-06-21,6686600000,-2.18%
2019-06-20,6835300000,-0.07%
2019-06-19,6839800000,-0.73%
2019-06-18,6890000000,-0.72%
2019-06-17,6939900000,-0.14%
2019-06-14,6949400000,0.03%
2019-06-13,6947500000,1.56%
2019-06-12,6841000000,-0.12%
2019-06-11,6848900000,-1.51%
2019-06-10,6954100000,-1.42%
2019-06-07,7054100000,-1.81%
2019-06-06,7183900000,-0.88%
2019-06-05,7247500000,1.69%
2019-06-04,7127300000,2.45%
2019-06-03,6957000000,-1.02%
2019-05-31,7028700000,0.08%
2019-05-30,7022800000,-0.39%
2019-05-29,7050600000,-1.12%
2019-05-28,7130400000,0.58%
2019-05-24,7089300000,-1.07%
2019-05-23,7166300000,-0.21%
2019-05-22,7181700000,-1.28%
2019-05-21,7275100000,0.92%
2019-05-20,7208800000,0.66%
2019-05-17,7161500000,-1.00%
2019-05-16,7234200000,0.93%
2019-05-15,7167500000,-0.24%
2019-05-14,7184800000,0.05%
2019-05-13,7181200000,0.19%
2019-05-10,7167700000,1.88%
2019-05-09,7035400000,0.28%
2019-05-08,7015900000,-3.13%
2019-05-07,7242300000,-1.53%
2019-05-06,7354700000,0.76%
2019-05-03,7299100000,-0.53%
2019-05-02,7337800000,0.15%
2019-05-01,7326900000,-1.30%
2019-04-30,7423100000,0.03%
2019-04-29,7421000000,0.10%
2019-04-26,7413800000,1.56%
2019-04-25,7300000000,-0.82%
2019-04-24,7360100000,0.68%
2019-04-23,7310700000,1.17%
2019-04-22,7225900000,-1.32%
2019-04-18,7322400000,0.16%
2019-04-17,7311000000,-0.68%
2019-04-16,7361300000,0.83%
2019-04-15,7301000000,0.65%
2019-04-12,7254200000,0.51%
2019-04-11,7217600000,0.01%
2019-04-10,7216600000,1.18%
2019-04-09,7132500000,1.08%
2019-04-08,7056000000,-0.09%
2019-04-05,7062200000,0.67%
2019-04-04,7014900000,-1.15%
2019-04-03,7096700000,0.44%
2019-04-02,7065800000,1.48%
2019-04-01,6962900000,-0.02%
2019-03-29,6964300000,-0.13%
2019-03-28,6973100000,1.81%
2019-03-27,6849300000,0.76%
2019-03-26,6797500000,-0.11%
2019-03-25,6804900000,-0.08%
2019-03-22,6810100000,-2.81%
2019-03-21,7007100000,1.12%
2019-03-20,6929600000,-0.18%
2019-03-19,6942200000,-0.77%
2019-03-18,6996400000,-0.95%
2019-03-15,7063400000,0.77%
2019-03-14,7009200000,-0.62%
2019-03-13,7052700000,0.28%
2019-03-12,7032800000,-0.36%
2019-03-11,7057900000,1.21%
2019-03-08,6973400000,-0.54%
2019-03-07,7011100000,0.26%
2019-03-06,6992600000,0.86%
2019-03-05,6933000000,0.97%
2019-03-04,6866200000,-1.43%
2019-03-01,6965800000,1.75%
2019-02-28,6845800000,0.06%
2019-02-27,6841700000,-0.41%
2019-02-26,6870000000,-0.91%
2019-02-25,6933000000,-1.89%
2019-02-22,7066500000,0.81%
2019-02-21,7009500000,-0.05%
2019-02-20,7013000000,-0.04%
2019-02-19,7016100000,1.23%
2019-02-15,6930600000,0.58%
2019-02-14,6890400000,0.23%
2019-02-13,6874500000,-0.36%
2019-02-12,6899200000,0.70%
2019-02-11,6851500000,0.17%
2019-02-08,6839600000,1.65%
2019-02-07,6728900000,-0.32%
2019-02-06,6750500000,-1.17%
2019-02-05,6830300000,2.76%
2019-02-04,6646900000,0.25%
2019-02-01,6630000000,0.45%
2019-01-31,6600600000,0.37%
2019-01-30,6576100000,0.72%
2019-01-29,6529100000,-1.80%
2019-01-28,6649000000,0.36%
2019-01-25,6625000000,0.51%
2019-01-24,6591500000,1.17%
2019-01-23,6515500000,0.22%
2019-01-22,6501300000,-0.32%
2019-01-18,6521900000,1.08%
2019-01-17,6452300000,0.21%
2019-01-16,6438800000,-0.20%
2019-01-15,6451900000,-1.01%
2019-01-14,6517400000,-2.03%
2019-01-11,6652600000,0.89%
2019-01-10,6593900000,2.54%
2019-01-09,6430300000,0.49%
2019-01-08,6398700000,0.34%
2019-01-07,6376800000,0.81%
2019-01-04,6325500000,2.12%
2019-01-03,6193900000,-1.82%
2019-01-02,6308700000,-0.78%
2018-12-31,6358300000,2.04%
2018-12-28,6231200000,1.62%
2018-12-27,6131700000,1.02%
2018-12-26,6069700000,5.36%
2018-12-24,5760700000,-1.81%
2018-12-21,5867100000,-2.24%
2018-12-20,6001500000,-1.84%
2018-12-19,6113700000,-0.70%
2018-12-18,6156600000,-2.19%
2018-12-17,6294200000,1.34%
2018-12-14,6210800000,-0.48%
2018-12-13,6241000000,-1.42%
2018-12-12,6331000000,-0.91%
2018-12-11,6388900000,-3.65%
2018-12-10,6631000000,2.84%
2018-12-07,6448100000,0.17%
2018-12-06,6437100000,3.44%
2018-12-04,6222900000,-3.00%
2018-12-03,6415500000,0.03%
2018-11-30,6413400000,-0.80%
2018-11-29,6465400000,-0.88%
2018-11-28,6522900000,5.21%
2018-11-27,6199900000,-1.47%
2018-11-26,6292300000,1.45%
2018-11-23,6202200000,0.43%
2018-11-21,6175400000,2.28%
2018-11-20,6037900000,1.32%
2018-11-19,5959500000,-2.59%
2018-11-16,6118200000,0.48%
2018-11-15,6088700000,1.50%
2018-11-14,5998700000,-3.85%
2018-11-13,6238600000,-0.79%
2018-11-12,6288500000,-2.32%
2018-11-09,6437600000,-0.54%
2018-11-08,6472300000,-1.78%
2018-11-07,6589400000,1.02%
2018-11-06,6522900000,0.23%
2018-11-05,6507700000,4.54%
2018-11-02,6225000000,-3.38%
2018-11-01,6442600000,-1.59%
2018-10-31,6546600000,0.28%
2018-10-30,6528400000,1.73%
2018-10-29,6417200000,0.08%
2018-10-26,6412000000,-1.96%
2018-10-25,6540200000,1.50%
2018-10-24,6443400000,-3.37%
2018-10-23,6667800000,-1.62%
2018-10-22,6777400000,-0.36%
2018-10-19,6802000000,0.51%
2018-10-18,6767700000,-2.12%
2018-10-17,6914400000,-2.27%
2018-10-16,7075100000,2.57%
2018-10-15,6897600000,1.19%
2018-10-12,6816200000,2.60%
2018-10-11,6643400000,-0.02%
2018-10-10,6644800000,-3.67%
2018-10-09,6897600000,0.19%
2018-10-08,6884600000,-3.23%
2018-10-05,7114600000,-2.86%
2018-10-04,7324100000,0.23%
2018-10-03,7307000000,-0.45%
2018-10-02,7339700000,0.12%
2018-10-01,7330700000,-1.77%
2018-09-28,7462500000,1.26%
2018-09-27,7369700000,1.49%
2018-09-26,7261800000,-0.88%
2018-09-25,7326000000,2.04%
2018-09-24,7179200000,-0.27%
2018-09-21,7198400000,-0.36%
2018-09-20,7224700000,0.66%
2018-09-19,7177100000,-1.26%
2018-09-18,7268900000,0.89%
2018-09-17,7204800000,-1.51%
2018-09-14,7315300000,-1.10%
2018-09-13,7396500000,0.29%
2018-09-12,7375000000,0.38%
2018-09-11,7347300000,-1.07%
2018-09-10,7426800000,1.76%
2018-09-07,7298700000,2.56%
2018-09-06,7116800000,-0.47%
2018-09-05,7150100000,-1.76%
2018-09-04,7277900000,1.85%
2018-08-31,7145900000,-0.52%
2018-08-30,7183300000,0.19%
2018-08-29,7169800000,1.18%
2018-08-28,7086000000,1.86%
2018-08-27,6956300000,-0.86%
2018-08-24,7016900000,-0.26%
2018-08-23,7034900000,-0.23%
2018-08-22,7051400000,-1.67%
2018-08-21,7170900000,1.94%
2018-08-20,7034200000,-0.32%
2018-08-17,7056600000,-1.62%
2018-08-16,7172600000,-2.18%
2018-08-15,7332300000,-0.96%
2018-08-14,7403300000,1.07%
2018-08-13,7325000000,-3.10%
2018-08-10,7559000000,0.31%
2018-08-09,7535400000,0.61%
2018-08-08,7489900000,-1.14%
2018-08-07,7576100000,1.59%
2018-08-06,7457300000,1.29%
2018-08-03,7362600000,-0.58%
2018-08-02,7405900000,1.10%
2018-08-01,7325000000,-0.84%
2018-07-31,7387200000,0.83%
2018-07-30,7326400000,-0.36%
2018-07-27,7352900000,-1.46%
2018-07-26,7461500000,0.23%
2018-07-25,7444300000,0.44%
2018-07-24,7411600000,-2.60%
2018-07-23,7609200000,-0.67%
2018-07-20,7660800000,0.24%
2018-07-19,7642800000,-0.01%
2018-07-18,7643300000,-0.49%
2018-07-17,7681100000,-0.20%
2018-07-16,7696300000,-0.33%
2018-07-13,7721800000,1.60%
2018-07-12,7600000000,0.42%
2018-07-11,7568300000,-0.11%
2018-07-10,7576800000,-0.57%
2018-07-09,7620100000,-1.61%
2018-07-06,7745000000,2.59%
2018-07-05,7549800000,0.86%
2018-07-03,7485400000,-1.57%
2018-07-02,7604700000,3.60%
2018-06-29,7340100000,2.27%
2018-06-28,7176900000,13.92%
2018-06-27,6299900000,-2.00%
2018-06-26,6428400000,-0.67%
2018-06-25,6471900000,-1.85%
2018-06-22,6593600000,-0.01%
2018-06-21,6594000000,-1.32%
2018-06-20,6682100000,2.31%
2018-06-19,6531300000,-1.42%
2018-06-18,6625700000,1.85%
2018-06-15,6505100000,0.13%
2018-06-14,6496800000,0.31%
2018-06-13,6476700000,-0.94%
2018-06-12,6537900000,0.28%
2018-06-11,6519500000,0.43%
2018-06-08,6491800000,1.03%
2018-06-07,6425800000,1.17%
2018-06-06,6351500000,1.11%
2018-06-05,6281900000,0.68%
2018-06-04,6239600000,
2018-06-01,6239600000,0.63%
2018-05-31,6200700000,-0.99%
2018-05-30,6263000000,0.55%
2018-05-29,6228900000,-0.88%
2018-05-25,6284300000,0.04%
2018-05-24,6282100000,0.56%
2018-05-23,6247100000,0.17%
2018-05-22,6236200000,-0.65%
2018-05-21,6277200000,-0.58%
2018-05-18,6314100000,0.10%
2018-05-17,6307700000,-0.25%
2018-05-16,6323300000,0.25%
2018-05-15,6307500000,2.17%
2018-05-14,6173800000,2.64%
2018-05-11,6015200000,0.52%
2018-05-10,5984000000,0.63%
2018-05-09,5946800000,0.77%
2018-05-08,5901200000,-0.47%
2018-05-07,5929300000,-0.20%
2018-05-04,5940900000,1.73%
2018-05-03,5839900000,3.71%
2018-05-02,5630900000,0.06%
2018-05-01,5627500000,-1.69%
2018-04-30,5724300000,-0.86%
2018-04-27,5774000000,1.08%
2018-04-26,5712100000,0.63%
2018-04-25,5676500000,-0.22%
2018-04-24,5689000000,-0.36%
2018-04-23,5709500000,-0.92%
2018-04-20,5762700000,0.44%
2018-04-19,5737300000,-0.25%
2018-04-18,5751600000,0.63%
2018-04-17,5715600000,-0.03%
2018-04-16,5717300000,0.51%
2018-04-13,5688100000,0.34%
2018-04-12,5669000000,-1.47%
2018-04-11,5753300000,-0.59%
2018-04-10,5787700000,
2018-04-09,5787900000,0.24%
2018-04-06,5773800000,0.14%
2018-04-05,5765800000,1.01%
2018-04-04,5708100000,0.24%
2018-04-03,5694600000,-0.44%
2018-04-02,5719600000,-1.21%
2018-03-29,5789800000,1.35%
2018-03-28,5712500000,-0.44%
2018-03-27,5738000000,-0.70%
2018-03-26,5778300000,1.51%
2018-03-23,5692300000,-1.12%
2018-03-22,5756800000,0.14%
2018-03-21,5748800000,0.88%
2018-03-20,5698900000,1.50%
2018-03-19,5614600000,-2.26%
2018-03-16,5744300000,-1.41%
2018-03-15,5826300000,-0.19%
2018-03-14,5837200000,0.39%
2018-03-13,5814500000,-1.17%
2018-03-12,5883600000,2.11%
2018-03-09,5762000000,0.11%
2018-03-08,5755900000,0.74%
2018-03-07,5713500000,
2018-03-06,5713500000,-0.15%
2018-03-05,5722000000,1.50%
2018-03-02,5637400000,-0.28%
2018-03-01,5653200000,-1.72%
2018-02-28,5752100000,0.59%
2018-02-27,5718200000,-1.63%
2018-02-26,5812900000,6.39%
2018-02-23,5464000000,1.05%
2018-02-22,5407300000,-1.11%
2018-02-21,5468000000,0.94%
2018-02-20,5417200000,1.32%
2018-02-16,5346500000,0.37%
2018-02-15,5327000000,2.82%
2018-02-14,5181100000,4.73%
2018-02-13,4947200000,0.62%
2018-02-12,4916900000,-0.24%
2018-02-09,4928600000,-0.73%
2018-02-08,4964700000,-2.91%
2018-02-07,5113300000,-0.67%
2018-02-06,5147700000,-1.11%
2018-02-05,5205400000,0.11%
2018-02-02,5199600000,1.35%
2018-02-01,5130300000,0.88%
2018-01-31,5085300000,0.75%
2018-01-30,5047400000,-0.18%
2018-01-29,5056300000,0.29%
2018-01-26,5041900000,0.90%
2018-01-25,4996700000,-0.93%
2018-01-24,5043600000,1.44%
2018-01-23,4972200000,-0.12%
2018-01-22,4978300000,-0.33%
2018-01-19,4994800000,0.74%
2018-01-18,4958100000,-0.42%
2018-01-17,4979000000,-0.11%
2018-01-16,4984400000,-0.67%
2018-01-12,5018100000,0.64%
2018-01-11,4986300000,1.80%
2018-01-10,4898200000,-1.19%
2018-01-09,4957400000,0.04%
2018-01-08,4955500000,-1.19%
2018-01-05,5015300000,0.85%
2018-01-04,4973100000,-0.10%
2018-01-03,4978300000,0.89%
2018-01-02,4934300000,-0.67%
2017-12-29,4967700000,-1.02%
2017-12-28,5019100000,0.15%
2017-12-27,5011800000,0.43%
2017-12-26,4990300000,0.14%
2017-12-22,4983300000,-1.15%
2017-12-21,5041200000,0.82%
2017-12-20,5000200000,-0.84%
2017-12-19,5042600000,0.30%
2017-12-18,5027300000,1.55%
2017-12-15,4950800000,0.13%
2017-12-14,4944600000,-0.45%
2017-12-13,4967200000,-0.76%
2017-12-12,5005400000,-0.35%
2017-12-11,5023100000,-0.42%
2017-12-08,5044100000,0.40%
2017-12-07,5024000000,0.78%
2017-12-06,4985200000,-0.31%
2017-12-05,5000700000,-2.86%
2017-12-04,5148000000,0.66%
2017-12-01,5114300000,0.19%
2017-11-30,5104400000,0.50%
2017-11-29,5078900000,0.77%
2017-11-28,5040300000,-0.18%
2017-11-27,5049200000,-0.31%
2017-11-24,5065000000,0.39%
2017-11-22,5045500000,-0.35%
2017-11-21,5063100000,-0.05%
2017-11-20,5065500000,-1.58%
2017-11-17,5147000000,-0.28%
2017-11-16,5161400000,-0.95%
2017-11-15,5211100000,-0.69%
2017-11-14,5247100000,-1.02%
2017-11-13,5301100000,-2.02%
2017-11-10,5410200000,-0.03%
2017-11-09,5411600000,0.27%
2017-11-08,5396800000,1.73%
2017-11-07,5305100000,-0.94%
2017-11-06,5355500000,-0.70%
2017-11-03,5393000000,3.65%
2017-11-02,5203200000,-2.10%
2017-11-01,5315000000,1.37%
2017-10-31,5243000000,1.10%
2017-10-30,5186000000,-1.73%
2017-10-27,5277300000,3.66%
2017-10-26,5091100000,0.95%
2017-10-25,5043100000,-1.37%
2017-10-24,5113200000,-1.11%
2017-10-23,5170400000,0.10%
2017-10-20,5165000000,2.08%
2017-10-19,5060000000,2.35%
2017-10-18,4943700000,-1.88%
2017-10-17,5038600000,-1.72%
2017-10-16,5126700000,1.63%
2017-10-13,5044300000,-0.39%
2017-10-12,5063800000,2.02%
2017-10-11,4963700000,0.79%
2017-10-10,4924900000,-0.19%
2017-10-09,4934300000,-1.02%
2017-10-06,4984900000,-1.18%
2017-10-05,5044300000,-0.23%
2017-10-04,5055800000,0.72%
2017-10-03,5019800000,-0.63%
2017-10-02,5051800000,0.22%
2017-09-29,5040700000,-0.64%
2017-09-28,5073400000,-0.32%
2017-09-27,5089500000,3.13%
2017-09-26,4935200000,-0.16%
2017-09-25,4943300000,-1.70%
2017-09-22,5029000000,0.06%
2017-09-21,5026100000,-0.54%
2017-09-20,5053400000,0.06%
2017-09-19,5050400000,-1.06%
2017-09-18,5104500000,-1.27%
2017-09-15,5170000000,0.44%
2017-09-14,5147400000,-1.56%
2017-09-13,5228800000,-1.09%
2017-09-12,5286500000,0.16%
2017-09-11,5277800000,1.89%
2017-09-08,5179900000,-0.22%
2017-09-07,5191200000,-2.35%
2017-09-06,5316200000,0.90%
2017-09-05,5268900000,6.85%
2017-09-01,4931000000,-1.45%
2017-08-31,5003300000,0.68%
2017-08-30,4969600000,0.34%
2017-08-29,4952700000,-1.31%
2017-08-28,5018600000,-1.23%
2017-08-25,5081200000,0.61%
2017-08-24,5050600000,1.40%
2017-08-23,4980700000,-1.03%
2017-08-22,5032700000,0.61%
2017-08-21,5002100000,1.32%
2017-08-18,4936900000,0.74%
2017-08-17,4900600000,-4.26%
2017-08-16,5118900000,0.62%
2017-08-15,5087600000,-0.16%
2017-08-14,5095800000,0.36%
2017-08-11,5077500000,0.29%
2017-08-10,5062900000,-0.42%
2017-08-09,5084500000,0.32%
2017-08-08,5068500000,-0.77%
2017-08-07,5107600000,0.13%
2017-08-04,5101000000,-0.10%
2017-08-03,5105900000,-0.27%
2017-08-02,5119600000,-0.91%
2017-08-01,5166400000,-0.13%
2017-07-31,5173000000,-0.05%
2017-07-28,5175400000,0.56%
2017-07-27,5146700000,0.61%
2017-07-26,5115600000,0.93%
2017-07-25,5068700000,0.53%
2017-07-24,5041900000,1.67%
2017-07-21,4959300000,0.02%
2017-07-20,4958300000,2.16%
2017-07-19,4853600000,3.21%
2017-07-18,4702600000,0.75%
2017-07-17,4667600000,0.91%
2017-07-14,4625400000,0.77%
2017-07-13,4590100000,0.42%
2017-07-12,4571000000,1.54%
2017-07-11,4501600000,-0.98%
2017-07-10,4546300000,-0.86%
2017-07-07,4585900000,1.01%
2017-07-06,4539900000,-1.72%
2017-07-05,4619500000,-0.25%
2017-07-03,4631300000,-0.10%
2017-06-30,4635800000,-0.47%
2017-06-29,4657700000,-1.33%
2017-06-28,4720500000,1.62%
2017-06-27,4645200000,-1.24%
2017-06-26,4703600000,0.27%
2017-06-23,4690900000,0.83%
2017-06-22,4652300000,-0.05%
2017-06-21,4654400000,1.14%
2017-06-20,4602100000,-1.14%
2017-06-19,4655300000,1.27%
2017-06-16,4596700000,-0.10%
2017-06-15,4601400000,-0.03%
2017-06-14,4602800000,0.85%
2017-06-13,4564000000,-0.75%
2017-06-12,4598300000,0.30%
2017-06-09,4584400000,0.22%
2017-06-08,4574300000,
2017-06-07,4574300000,-0.09%
2017-06-06,4578600000,-1.32%
2017-06-05,4640000000,-1.28%
2017-06-02,4700000000,1.41%
2017-06-01,4634600000,0.74%
2017-05-31,4600700000,0.01%
2017-05-30,4600200000,-0.14%
2017-05-26,4606800000,0.58%
2017-05-25,4580200000,-0.32%
2017-05-24,4594800000,-0.69%
2017-05-23,4626600000,-0.57%
2017-05-22,4653000000,0.34%
2017-05-19,4637200000,0.06%
2017-05-18,4634600000,0.42%
2017-05-17,4615100000,-1.49%
2017-05-16,4685000000,-0.36%
2017-05-15,4701700000,-0.44%
2017-05-12,4722400000,-0.95%
2017-05-11,4767600000,0.50%
2017-05-10,4744100000,-0.29%
2017-05-09,4758000000,0.75%
2017-05-08,4722400000,-0.71%
2017-05-05,4756300000,2.75%
2017-05-04,4629200000,-3.05%
2017-05-03,4774600000,-1.98%
2017-05-02,4871100000,0.47%
2017-05-01,4848400000,0.28%
2017-04-28,4834900000,0.32%
2017-04-27,4819600000,0.62%
2017-04-26,4789900000,0.25%
2017-04-25,4777900000,0.65%
2017-04-24,4747200000,-0.74%
2017-04-21,4782500000,-0.68%
2017-04-20,4815300000,1.03%
2017-04-19,4766200000,0.07%
2017-04-18,4762800000,-0.61%
2017-04-17,4791800000,1.47%
2017-04-13,4722600000,-1.07%
2017-04-12,4773600000,-0.42%
2017-04-11,4793700000,-0.99%
2017-04-10,4841400000,-1.24%
2017-04-07,4902300000,-0.02%
2017-04-06,4903500000,4.14%
2017-04-05,4708400000,-1.33%
2017-04-04,4771900000,1.12%
2017-04-03,4719200000,-1.39%
2017-03-31,4785600000,0.13%
2017-03-30,4779400000,-0.83%
2017-03-29,4819400000,0.97%
2017-03-28,4772900000,0.60%
2017-03-27,4744600000,0.77%
2017-03-24,4708200000,0.16%
2017-03-23,4700800000,0.41%
2017-03-22,4681600000,-0.03%
2017-03-21,4683000000,-1.54%
2017-03-20,4756300000,-0.12%
2017-03-17,4761900000,-0.45%
2017-03-16,4783400000,-0.21%
2017-03-15,4793300000,-0.20%
2017-03-14,4803100000,-1.02%
2017-03-13,4852400000,0.14%
2017-03-10,4845700000,2.25%
2017-03-09,4739300000,1.89%
2017-03-08,4651200000,2.10%
2017-03-07,4555500000,-0.25%
2017-03-06,4567000000,0.50%
2017-03-03,4544300000,1.61%
2017-03-02,4472400000,1.72%
2017-03-01,4396700000,2.30%
2017-02-28,4297900000,1.72%
2017-02-27,4225100000,-1.49%
2017-02-24,4289100000,-0.21%
2017-02-23,4298200000,0.05%
2017-02-22,4296000000,1.44%
2017-02-21,4235200000,0.82%
2017-02-17,4200700000,-2.23%
2017-02-16,4296700000,2.87%
2017-02-15,4176700000,0.32%
2017-02-14,4163300000,0.14%
2017-02-13,4157300000,0.87%
2017-02-10,4121300000,-0.09%
2017-02-09,4124899999,-0.87%
2017-02-08,4161100000,-0.57%
2017-02-07,4185100000,-1.40%
2017-02-06,4244500000,1.00%
2017-02-03,4202300000,0.18%
2017-02-02,4194800000,0.16%
2017-02-01,4187899999,-0.51%
2017-01-31,4209399999,-0.46%
2017-01-30,4228899999,2.14%
2017-01-27,4140200000,0.45%
2017-01-26,4121500000,0.65%
2017-01-25,4094900000,-0.35%
2017-01-24,4109300000,2.38%
2017-01-23,4013900000,-1.28%
2017-01-20,4065900000,0.86%
2017-01-19,4031400000,-0.52%
2017-01-18,4052300000,-2.15%
2017-01-17,4141200000,-0.29%
2017-01-13,4153100000,-0.01%
2017-01-12,4153600000,-0.81%
2017-01-11,4187600000,0.44%
2017-01-10,4169399999,-0.29%
2017-01-09,4181700000,-0.08%
2017-01-06,4185000000,-0.23%
2017-01-05,4194600000,-0.63%
2017-01-04,4221000000,0.86%
2017-01-03,4185000000,1.83%
2016-12-30,4109800000,-1.36%
2016-12-29,4166300000,-1.06%
2016-12-28,4211100000,0.07%
2016-12-27,4208000000,0.31%
2016-12-23,4194800000,0.70%
2016-12-22,4165800000,-1.04%
2016-12-21,4209700000,0.47%
2016-12-20,4189800000,0.90%
2016-12-19,4152399999,0.12%
2016-12-16,4147600000,0.01%
2016-12-15,4147100000,-0.48%
2016-12-14,4167000000,0.33%
2016-12-13,4153399999,0.69%
2016-12-12,4125100000,-1.74%
2016-12-09,4198200000,-0.75%
2016-12-08,4229800000,-0.94%
2016-12-07,4269800000,2.03%
2016-12-06,4185000000,0.72%
2016-12-05,4155100000,1.28%
2016-12-02,4102600000,-1.91%
2016-12-01,4182600000,0.52%
2016-11-30,4160800000,0.16%
2016-11-29,4154100000,0.04%
2016-11-28,4152399999,-0.01%
2016-11-25,4152700000,0.54%
2016-11-23,4130399999,-0.32%
2016-11-22,4143600000,-0.33%
2016-11-21,4157500000,0.21%
2016-11-18,4148800000,-1.49%
2016-11-17,4211399999,1.81%
2016-11-16,4136399999,0.27%
2016-11-15,4125300000,0.26%
2016-11-14,4114800000,0.08%
2016-11-11,4111399999,1.08%
2016-11-10,4067600000,1.05%
2016-11-09,4025400000,0.29%
2016-11-08,4013900000,1.45%
2016-11-07,3956400000,1.83%
2016-11-04,3885200000,-0.03%
2016-11-03,3886200000,-0.60%
2016-11-02,3909500000,-1.00%
2016-11-01,3949000000,-0.86%
2016-10-31,3983200000,0.88%
2016-10-28,3948500000,0.31%
2016-10-27,3936200000,0.34%
2016-10-26,3922800000,-0.27%
2016-10-25,3933600000,-1.59%
2016-10-24,3997100000,-1.27%
2016-10-21,4048600000,2.53%
2016-10-20,3948800000,-1.41%
2016-10-19,4005300000,1.08%
2016-10-18,3962700000,1.99%
2016-10-17,3885200000,-2.19%
2016-10-14,3972100000,-0.79%
2016-10-13,4003900000,-1.06%
2016-10-12,4046700000,-0.25%
2016-10-11,4056800000,-0.16%
2016-10-10,4063100000,0.51%
2016-10-07,4042600000,0.07%
2016-10-06,4039700000,-0.51%
2016-10-05,4060400000,-0.88%
2016-10-04,4096500000,-1.28%
2016-10-03,4149500000,1.77%
2016-09-30,4077500000,1.37%
2016-09-29,4022200000,-0.81%
2016-09-28,4055100000,-0.89%
2016-09-27,4091700000,-0.37%
2016-09-26,4106700000,-0.56%
2016-09-23,4129800000,-0.76%
2016-09-22,4161500000,-0.58%
2016-09-21,4185800000,1.20%
2016-09-20,4136000000,-0.45%
2016-09-19,4154800000,0.74%
2016-09-16,4124200000,-1.47%
2016-09-15,4185800000,-0.95%
2016-09-14,4225800000,1.30%
2016-09-13,4171600000,0.08%
2016-09-12,4168300000,-1.07%
2016-09-09,4213500000,-1.66%
2016-09-08,4284500000,-1.87%
2016-09-07,4366100000,1.43%
2016-09-06,4304700000,-1.13%
2016-09-02,4353800000,0.22%
2016-09-01,4344200000,-0.09%
2016-08-31,4348100000,-0.94%
2016-08-30,4389500000,1.02%
2016-08-29,4345200000,0.47%
2016-08-26,4324700000,-0.25%
2016-08-25,4335600000,0.15%
2016-08-24,4329300000,-0.90%
2016-08-23,4368500000,-0.36%
2016-08-22,4384200000,-1.11%
2016-08-19,4433300000,-3.68%
2016-08-18,4602600000,0.19%
2016-08-17,4594000000,0.79%
2016-08-16,4558100000,1.04%
2016-08-15,4511100000,0.76%
2016-08-12,4477100000,-0.76%
2016-08-11,4511600000,0.08%
2016-08-10,4508100000,0.18%
2016-08-09,4499800000,0.12%
2016-08-08,4494200000,
2016-08-05,4494000000,0.95%
2016-08-04,4451600000,0.42%
2016-08-03,4432800000,0.06%
2016-08-02,4430100000,-1.19%
2016-08-01,4483400000,0.25%
2016-07-29,4472200000,0.01%
2016-07-28,4471700000,0.51%
2016-07-27,4448900000,0.20%
2016-07-26,4439900000,0.22%
2016-07-25,4430300000,-0.91%
2016-07-22,4471000000,1.42%
2016-07-21,4408600000,0.25%
2016-07-20,4397600000,0.74%
2016-07-19,4365500000,-0.01%
2016-07-18,4366000000,1.73%
2016-07-15,4291899999,-0.38%
2016-07-14,4308300000,-0.20%
2016-07-13,4317100000,-0.31%
2016-07-12,4330500000,2.20%
2016-07-11,4237300000,0.68%
2016-07-08,4208700000,0.92%
2016-07-07,4170300000,-0.27%
2016-07-06,4181500000,-0.34%
2016-07-05,4195700000,-1.48%
2016-07-01,4258600000,0.90%
2016-06-30,4220700000,-0.10%
2016-06-29,4224800000,4.62%
2016-06-28,4038200000,-1.34%
2016-06-27,4093200000,-1.96%
2016-06-24,4175200000,-1.86%
2016-06-23,4254200000,2.16%
2016-06-22,4164200000,-0.47%
2016-06-21,4183700000,-0.36%
2016-06-20,4198899999,0.95%
2016-06-17,4159300000,0.23%
2016-06-16,4149700000,-0.31%
2016-06-15,4162700000,0.37%
2016-06-14,4147300000,0.25%
2016-06-13,4137000000,-0.54%
2016-06-10,4159300000,0.87%
2016-06-09,4123500000,-0.01%
2016-06-08,4123800000,0.33%
2016-06-07,4110300000,0.29%
2016-06-06,4098300000,0.14%
2016-06-03,4092700000,-0.90%
2016-06-02,4129700000,-0.10%
2016-06-01,4133800000,0.85%
2016-05-31,4098800000,0.62%
2016-05-27,4073400000,0.34%
2016-05-26,4059700000,-0.25%
2016-05-25,4069700000,-0.41%
2016-05-24,4086300000,1.05%
2016-05-23,4043800000,1.23%
2016-05-20,3994800000,0.70%
2016-05-19,3967200000,0.01%
2016-05-18,3967000000,1.25%
2016-05-17,3918000000,-1.05%
2016-05-16,3959400000,1.01%
2016-05-13,3919700000,0.48%
2016-05-12,3900900000,-0.30%
2016-05-11,3912600000,-0.63%
2016-05-10,3937600000,-0.98%
2016-05-09,3976500000,0.58%
2016-05-06,3953700000,-1.20%
2016-05-05,4001800000,1.61%
2016-05-04,3938500000,-1.30%
2016-05-03,3990300000,-0.38%
2016-05-02,4005500000,3.62%
2016-04-29,3865400000,-0.92%
2016-04-28,3901400000,-0.63%
2016-04-27,3926200000,0.54%
2016-04-26,3905300000,-1.12%
2016-04-25,3949400000,-0.46%
2016-04-22,3967600000,2.26%
2016-04-21,3879900000,-1.36%
2016-04-20,3933400000,-2.86%
2016-04-19,4049400000,1.40%
2016-04-18,3993500000,0.55%
2016-04-15,3971800000,-1.12%
2016-04-14,4016900000,-0.66%
2016-04-13,4043400000,1.56%
2016-04-12,3981400000,-0.32%
2016-04-11,3994200000,0.27%
2016-04-08,3983600000,1.89%
2016-04-07,3909700000,-2.16%
2016-04-06,3996200000,-0.59%
2016-04-05,4019800000,0.89%
2016-04-04,3984300000,-1.58%
2016-04-01,4048100000,-1.18%
2016-03-31,4096399999,-0.15%
2016-03-30,4102500000,-0.04%
2016-03-29,4104300000,1.51%
2016-03-28,4043200000,1.99%
2016-03-24,3964400000,-0.57%
2016-03-23,3987100000,-1.17%
2016-03-22,4034300000,-0.72%
2016-03-21,4063600000,0.84%
2016-03-18,4029700000,-1.31%
2016-03-17,4083300000,-0.45%
2016-03-16,4101800000,-0.27%
2016-03-15,4112899999,0.47%
2016-03-14,4093700000,-1.67%
2016-03-11,4163100000,1.00%
2016-03-10,4122000000,0.09%
2016-03-09,4118300000,1.07%
2016-03-08,4074700000,-0.46%
2016-03-07,4093700000,3.08%
2016-03-04,3971300000,-0.48%
2016-03-03,3990500000,0.24%
2016-03-02,3980900000,0.73%
2016-03-01,3952100000,3.55%
2016-02-29,3816700000,0.36%
2016-02-26,3802900000,0.19%
2016-02-25,3795700000,-0.01%
2016-02-24,3796200000,0.50%
2016-02-23,3777300000,1.13%
2016-02-22,3735200000,0.50%
2016-02-19,3716700000,-0.01%
2016-02-18,3716900000,0.71%
2016-02-17,3690800000,-0.33%
2016-02-16,3703100000,-0.79%
2016-02-12,3732400000,-0.24%
2016-02-11,3741300000,3.52%
2016-02-10,3614000000,0.58%
2016-02-09,3593300000,3.50%
2016-02-08,3471900000,-4.84%
2016-02-05,3648500000,-1.33%
2016-02-04,3697700000,-1.30%
2016-02-03,3746300000,0.25%
2016-02-02,3737100000,-2.64%
2016-02-01,3838500000,-0.25%
2016-01-29,3848200000,1.73%
2016-01-28,3782800000,0.31%
2016-01-27,3771100000,-0.84%
2016-01-26,3803000000,0.50%
2016-01-25,3784000000,-0.01%
2016-01-22,3784300000,2.96%
2016-01-21,3675400000,0.32%
2016-01-20,3663700000,-0.72%
2016-01-19,3690100000,0.24%
2016-01-15,3681100000,-0.83%
2016-01-14,3711900000,-0.95%
2016-01-13,3747600000,-2.36%
2016-01-12,3838000000,-0.46%
2016-01-11,3855700000,0.35%
2016-01-08,3842200000,-0.44%
2016-01-07,3859200000,-1.01%
2016-01-06,3898400000,1.03%
2016-01-05,3858700000,0.29%
2016-01-04,3847500000,-4.79%
2015-12-31,4041000000,1.00%
2015-12-30,4001100000,-1.09%
2015-12-29,4045300000,1.13%
2015-12-28,4000100000,-0.60%
2015-12-24,4024100000,-0.36%
2015-12-23,4038500000,0.87%
2015-12-22,4003600000,1.29%
2015-12-21,3952600000,-1.73%
2015-12-18,4022100000,-2.08%
2015-12-17,4107500000,-0.64%
2015-12-16,4134000000,0.69%
2015-12-15,4105700000,2.46%
2015-12-14,4007300000,1.26%
2015-12-11,3957600000,0.29%
2015-12-10,3946100000,-0.18%
2015-12-09,3953100000,0.49%
2015-12-08,3933900000,-1.47%
2015-12-07,3992600000,-1.32%
2015-12-04,4046000000,0.07%
2015-12-03,4043300000,-1.06%
2015-12-02,4086500000,-0.66%
2015-12-01,4113500000,1.38%
2015-11-30,4057500000,-2.01%
2015-11-27,4140899999,0.50%
2015-11-25,4120500000,-0.44%
2015-11-24,4138700000,-1.02%
2015-11-23,4181200000,1.00%
2015-11-20,4139899999,-0.66%
2015-11-19,4167200000,-1.65%
2015-11-18,4236899999,-0.91%
2015-11-17,4275600000,-0.31%
2015-11-16,4288800000,1.04%
2015-11-13,4244600000,-0.12%
2015-11-12,4249600000,-1.92%
2015-11-11,4332800000,0.06%
2015-11-10,4330000000,
2015-11-09,4329800000,1.89%
2015-11-06,4249600000,0.25%
2015-11-05,4238899999,-1.66%
2015-11-04,4310500000,-0.79%
2015-11-03,4344700000,-2.11%
2015-11-02,4438400000,-0.44%
2015-10-30,4458100000,-1.85%
2015-10-29,4542100000,-0.17%
2015-10-28,4550000000,0.21%
2015-10-27,4540300000,-0.02%
2015-10-26,4541100000,1.04%
2015-10-23,4494400000,2.42%
2015-10-22,4388000000,0.61%
2015-10-21,4361200000,-0.46%
2015-10-20,4381200000,1.33%
2015-10-19,4323800000,-2.24%
2015-10-16,4422700000,-3.07%
2015-10-15,4562800000,4.38%
2015-10-14,4371500000,-0.80%
2015-10-13,4406700000,2.28%
2015-10-12,4308500000,0.29%
2015-10-09,4296000000,0.91%
2015-10-08,4257100000,-0.25%
2015-10-07,4267600000,-1.55%
2015-10-06,4335000000,-0.05%
2015-10-05,4337300000,1.26%
2015-10-02,4283300000,7.53%
2015-10-01,3983400000,5.62%
2015-09-30,3771300000,1.15%
2015-09-29,3728400000,
2015-09-28,3728400000,-2.57%
2015-09-25,3826800000,-5.60%
2015-09-24,4053700000,
2015-09-23,4053700000,
2015-09-22,4053700000,-2.29%
2015-09-21,4148700000,-0.65%
2015-09-18,4175899999,-7.11%
2015-09-17,4495600000,