Year Ending,2017-12-31,2018-09-30,2018-12-31,2019-03-31,2019-06-30,2019-09-30,2019-12-31,2020-03-31,2020-06-30,2020-09-30,2020-12-31,2021-03-31,2021-06-30,2021-09-30,2021-12-31,2022-03-31,2022-06-30,2022-09-30,2022-12-31,2023-03-31,2023-06-30,2023-09-30,2023-12-31,2024-03-31,2024-06-30,2024-09-30,2024-12-31,2025-03-31,2025-06-30,2025-09-30,2025-12-31
Net Income,-130,-130,-63,-52,-1173,-1279,-1361,-1461,-402,-372,-128,-9,161,350,316,333,220,61,-96,-299,-291,-219,-36,148,192,216,1862,1896,1926,1987,417
Depreciation & Amortization,16,16,21,22,23,25,28,34,36,37,37,32,30,28,28,28,30,34,46,45,41,36,22,20,20,21,21,22,23,25,25
Stock-Based Compensation,29,29,15,11,1141,1268,1378,1458,386,347,321,319,358,362,415,409,426,466,497,567,619,655,648,667,694,730,766,791,822,849,880
Other Adjustments,1,1,1,-1,-3,-3,-4,0,3,7,11,31,37,34,55,35,37,36,-14,95,86,77,92,-29,-31,-30,-1627,-1645,-1625,-1633,14
Change in Receivables,-48,-48,-86,-64,-81,-72,-94,-55,-10,-132,-253,-178,-258,-166,-89,-85,-44,-6,-29,-17,-36,-114,-81,-72,-115,-52,-129,-145,-96,-123,-104
Changes in Accounts Payable,12,12,7,10,10,10,12,7,14,10,16,12,4,16,-33,-37,9,30,71,64,6,-18,-9,6,10,17,4,12,18,2,43
Changes in Accrued Expenses,21,21,26,22,31,20,32,29,9,39,24,37,57,34,82,43,67,34,21,9,-22,-16,-43,30,49,101,92,52,16,20,15
Changes in Other Operating Activities,-3,-3,19,12,3,3,11,13,3,1,2,-3,-6,-15,-21,-30,-36,-33,-27,-25,-23,-1,7,1,-5,-39,-24,-11,-10,25,-6
Operating Cash Flow,-103,-103,-60,-41,-48,-28,1,25,38,-62,29,242,383,642,753,696,711,623,469,439,382,413,613,786,829,969,965,972,1073,1147,1284
Operating Cash Flow Growth,,,,,,,,,,,4287.52%,875.29%,914.45%,,2511.90%,187.35%,85.41%,-2.98%,-37.68%,-36.86%,-46.28%,-33.68%,30.64%,78.85%,117.15%,134.61%,57.37%,23.74%,29.43%,18.39%,33.14%
Capital Expenditures,-41,-41,-22,-18,-21,-25,-34,-37,-33,-27,-17,-12,-10,-9,-9,-15,-26,-32,-29,-24,-12,-5,-8,-18,-22,-25,-25,-20,-26,-25,-32
Purchases of Investments,-515,-515,-519,-549,-380,-619,-1076,-1220,-1225,-1356,-1216,-1222,-1479,-1287,-1104,-996,-901,-914,-1028,-1205,-1315,-1406,-1308,-1313,-1465,-1439,-1510,-1589,-1577,-1548,-1567
Proceeds from Sale of Investments,498,498,655,590,502,487,523,731,832,1051,1186,1093,1178,1200,1124,1106,994,977,1015,1152,1256,1286,1279,1277,1255,1233,1314,1403,1522,1437,1465
Payments for Business Acquisitions,,,,,,,,,,,,,,0,-37,-37,-80,-123,-86,-43,0,0,,,,,,,,,
Other Investing Activities,1,0,0,,,,,0,0,0,0,0,0,0,,,,,,,,,,,,,,,,,
Investing Cash Flow,-57,-57,114,23,101,-158,-587,-525,-426,-332,-48,-141,-310,-95,-26,59,-55,-92,-128,-163,-71,-125,-37,-54,-233,-231,-221,-206,-81,-136,-134
Issuance of Common Stock,0,0,1,0,787,787,828,848,73,106,78,67,60,33,24,16,13,9,13,14,12,13,8,23,24,24,22,13,11,10,8
Repurchase of Common Stock,,,,,-303,-425,-475,-519,-229,-107,-57,-13,0,0,,,-38,-98,-162,-323,-787,-807,-835,-774,-425,-897,-990,-1159,-1165,-924,-1326
Net Common Stock Issued (Repurchased),0,0,1,0,484,363,353,329,-156,-1,21,54,60,33,24,16,-25,-89,-149,-309,-775,-795,-827,-751,-400,-873,-968,-1146,-1154,-914,-1318
Issuance of Preferred Stock,150,150,,,,,,,,,,,,,,,,,,,,,,,,,,,,,
Net Preferred Stock Issued (Repurchased),150,150,,,,,,,,,,,,,,,,,,,,,,,,,,,,,
Other Financing Activities,,0,-3,-4,-10,-12,-11,-8,-1,-2,-2,0,0,-2,-2,0,0,0,,,,,,,,,,,,,
Financing Cash Flow,150,150,-2,-6,1258,1135,1128,1108,-157,-3,20,53,59,31,22,14,-27,-89,-149,-309,-775,-795,-827,-751,-400,-873,-968,-1146,-1154,-914,-1318
Effect of Exchange Rate Changes on Cash and Cash Equivalents,0,0,0,0,0,0,0,0,0,0,0,0,0,0,-1,0,-3,-4,-1,-1,2,3,2,0,-1,0,-3,-1,1,0,2
Net Cash Flow,-10,-10,51,-24,1311,949,542,607,-545,-398,1,155,132,578,748,768,627,438,191,-33,-462,-504,-249,-20,195,-135,-227,-381,-160,97,-166
Free Cash Flow,-144,-144,-83,-58,-68,-53,-33,-12,5,-90,11,230,374,633,744,681,685,591,440,415,370,408,605,767,807,944,940,952,1047,1122,1252
Free Cash Flow Growth,,,,,,,,,,,,,8020.48%,,6410.95%,195.50%,83.30%,-6.64%,-40.82%,-39.03%,-46.01%,-30.95%,37.41%,84.84%,118.13%,131.24%,55.40%,24.09%,29.76%,18.85%,33.18%
FCF Margin,-30.48%,-21.96%,-10.92%,-7.07%,-7.39%,-5.19%,-2.90%,-1.01%,0.38%,-6.47%,0.67%,12.09%,16.64%,25.98%,28.85%,25.53%,25.20%,21.32%,15.71%,14.67%,12.88%,13.83%,19.80%,24.04%,24.18%,27.17%,25.78%,25.32%,26.82%,27.65%,29.65%
Free Cash Flow Per Share,-1.13861,-1.135,-0.649643,-0.459398,-0.331759,-0.16949,-0.0789086,-0.0230377,0.00810896,-0.154052,0.0186096,0.367571,0.572302,0.937267,1.10082,0.997385,1.01505,0.882679,0.655759,0.612955,0.543891,0.595941,0.883852,1.12234,1.16596,1.35914,1.357,1.36967,1.51639,1.62454,1.82017
Levered Free Cash Flow,-126,-102,-12,-4,-1126,-1246,-1313,-1416,-373,-311,-68,58,237,404,362,322,265,95,-14,-230,-300,-224,-68,188,245,290,1930,1951,1947,2033,462
Unlevered Free Cash Flow,-134,-113,-25,-18,-1144,-1269,-1341,-1445,-399,-331,-83,48,230,403,368,327,278,105,-32,-272,-371,-321,-304,93,149,177,1232,1264,1252,1456,344